XOSOP.COM,",O",634,20,20,0,0,1,1,0,0,1,3,1,-38.688,6,0,38.85,38.85,LEGIT
TMA.COM,",O",634,13,13,0,0,0,1,1,0,3,3,1,-2.6,10,4,12.95,12.95,LEGIT
BRZWCURTY.NET,",O",634,10,10,0,0,1,1,0,0,1,3,0,11.24,10,0,38.85,38.85,LEGIT
XZXDQOGHY.NET,",O",634,16,16,0,0,0,0,0,0,1,3,1,-34.696,23,0,49.95,49.95,LEGIT
ACYTF.COM,",O",634,14,14,0,0,1,0,1,0,1,3,0,49.144,6,1,10.36,10.36,LEGIT
YVMCDBPFPZ.NET,",O",634,12,12,0,0,0,0,0,0,1,3,0,-24.08,21,2,14.95,14.95,LEGIT
KJIMPMYOC.COM,",O",634,16,16,0,0,0,1,0,0,1,0,1,46.088,23,0,38.85,38.85,LEGIT
LMXKFJIIUNRM.COM,",O",634,12,12,0,0,0,1,1,0,1,0,0,-7.304,20,0,49.95,49.95,LEGIT
TMA.COM,",O",634,15,15,0,0,0,0,0,0,1,3,1,29.616,19,0,12.95,12.95,LEGIT
VUHZRNB.COM,",O",634,22,22,0,0,0,1,1,0,2,3,1,30.848,7,2,49.95,49.95,LEGIT
TMA.COM,",O",634,22,22,0,0,1,0,0,0,2,2,1,-23.088,7,1,11.01,11.01,LEGIT
NEKSXUK.NET,",O",634,10,10,0,0,0,1,0,0,1,3,0,-8.88,20,0,38.85,38.85,LEGIT
XOSOP.COM,",O",634,13,13,0,0,1,0,0,0,1,3,1,33.304,8,0,10.36,10.36,LEGIT
TMA.COM,",O",634,17,17,0,0,0,1,1,0,1,2,0,-59.392,15,0,38.85,38.85,LEGIT
XOSOP.COM,",O",634,13,13,0,0,1,1,0,0,2,3,0,31.592,9,4,12.95,12.95,LEGIT
XZXDQOGHY.NET,",O",634,16,16,0,0,1,0,1,0,1,2,1,27.936,21,0,38.85,38.85,LEGIT
BRZWCURTY.NET,",O",634,9,9,0,0,1,1,1,0,1,3,1,27.912,9,9,10.36,10.36,LEGIT
VKQQROPTO.NET,",O",634,10,10,0,0,1,0,0,0,2,3,1,-10.24,6,0,31.08,31.08,LEGIT
XOSOP.COM,",O",634,12,12,0,0,1,1,1,0,2,1,0,10.52,19,2,38.85,38.85,LEGIT
HIYQFX.NET,",O",634,21,21,0,0,1,1,0,0,1,3,0,-54.304,7,1,38.85,38.85,LEGIT
ZUB.NET,",O",634,12,12,0,0,0,1,1,0,1,3,1,-16.28,8,0,38.85,38.85,LEGIT
YAZOUGVRHK.COM,",O",634,9,9,0,0,1,0,0,0,1,2,0,-20.968,18,0,38.85,38.85,LEGIT
XOSOP.COM,",O",634,19,19,0,0,0,0,0,0,1,3,0,28.096,23,0,38.85,38.85,LEGIT
XOSOP.COM,",O",634,15,15,0,0,1,1,1,0,2,3,0,52.904,10,2,12.95,12.95,LEGIT
XOSOP.COM,",O",634,10,10,0,0,0,0,0,0,1,3,1,16.768,19,2,12.95,12.95,LEGIT
VUHZRNB.COM,",O",634,20,20,0,0,0,0,0,0,2,2,0,-12.272,7,1,12.95,12.95,LEGIT
IQ.RR.COM,",O",634,9,9,0,0,0,1,1,0,1,3,1,-32.792,19,0,38.85,38.85,LEGIT
UGGLH.COM,",O",634,15,14,0,0,1,1,0,0,1,3,0,-17.264,6,0,12.95,12.95,LEGIT
TGRXNMB.NET,",O",634,5,5,0,0,1,1,0,0,1,2,0,-61.72,7,0,25.9,25.9,LEGIT
XOSOP.COM,",O",634,12,12,0,0,1,0,0,0,1,3,1,21.864,15,4,11.65,11.65,LEGIT
BB.COM,",O",634,23,23,0,0,0,0,0,0,1,3,1,47.2,20,0,12.95,12.95,LEGIT
XOSOP.COM,",O",634,15,15,0,0,1,1,1,0,1,3,0,13.712,8,0,12.95,12.95,LEGIT
UGGLH.COM,",O",634,15,15,0,0,1,1,0,0,2,3,1,36.672,6,2,10.36,10.36,LEGIT
XOSOP.COM,",O",634,10,10,0,0,0,0,0,0,1,3,0,23.56,25,0,12.95,12.95,LEGIT
BRZWCURTY.NET,",O",634,10,10,1,0,1,0,1,0,1,3,0,17.416,9,2,12.95,12.95,LEGIT
BRZWCURTY.NET,",O",634,10,10,0,0,1,1,1,0,1,3,0,-30.248,8,0,38.85,38.85,LEGIT
UGGLH.COM,",O",634,16,16,0,0,1,1,0,0,2,3,1,36.672,6,2,10.36,10.36,LEGIT
TMA.COM,",O",634,13,13,0,0,1,0,1,0,2,3,0,35.064,9,0,25.9,25.9,LEGIT
XOSOP.COM,",O",634,9,9,0,0,0,0,0,0,2,1,1,4.552,23,0,38.85,38.85,LEGIT
UGGLH.COM,",O",634,12,12,1,0,0,0,0,0,1,0,1,19.464,16,0,12.95,12.95,LEGIT
HWSSMSQD.COM,",O",634,14,14,0,0,1,1,0,0,1,2,1,40.984,18,0,38.85,38.85,LEGIT
CLQF.EDU,",O",634,13,13,0,0,0,0,0,0,1,3,1,21.72,16,0,38.85,38.85,LEGIT
BRZWCURTY.NET,",O",634,20,20,0,0,0,1,0,0,1,1,0,17.288,24,0,12.95,12.95,LEGIT
KGAMJIMDX.EDU,",O",634,11,11,0,0,0,0,0,0,1,3,1,34.472,20,0,49.95,49.95,LEGIT
FUWMDHLMRXVDZZNDPOZ.COM,",O",634,17,17,0,0,0,0,0,0,1,2,0,-7.528,29,0,12.95,12.95,LEGIT
XZXDQOGHY.NET,",O",634,14,14,0,0,0,0,0,0,2,1,0,-47.176,10,0,12.95,12.95,LEGIT
NAHPRXE.COM,",O",634,6,6,0,0,1,1,1,0,2,2,1,-96.48,24,0,10.36,10.36,LEGIT
HBQ.GOV,",O",634,14,14,0,0,0,0,0,0,1,2,0,18.84,6,2,31.08,31.08,LEGIT
BRZWCURTY.NET,",O",634,14,14,0,0,1,1,1,0,1,2,0,33.168,21,2,12.95,12.95,LEGIT
XOSOP.COM,",O",634,3,3,0,0,1,0,0,0,1,3,1,33.304,8,0,10.36,10.36,LEGIT
VUHZRNB.COM,",O",634,11,11,0,0,0,0,1,0,1,2,1,53.224,27,4,12.95,12.95,LEGIT
VUHZRNB.COM,",O",634,10,10,0,0,0,0,0,0,1,2,1,42.608,25,0,38.85,38.85,LEGIT
BRZWCURTY.NET,",O",634,10,10,0,0,1,1,1,0,1,3,1,-9.0,19,0,38.85,38.85,LEGIT
XOSOP.COM,",O",634,14,14,0,0,0,1,1,0,2,3,1,-2.096,23,2,12.95,12.95,LEGIT
SCFETPRHBRE.COM,",O",634,16,16,0,0,0,1,0,0,1,3,1,32.736,30,0,12.95,12.95,LEGIT
TGRXNMB.NET,",O",634,18,18,0,0,0,1,1,0,1,3,0,-54.272,19,0,38.85,38.85,LEGIT
XOSOP.COM,",O",634,21,21,0,0,0,1,1,0,1,2,1,18.0,27,0,38.85,38.85,LEGIT
TMA.COM,",O",634,20,20,0,0,0,1,1,0,1,3,0,12.216,8,0,38.85,38.85,LEGIT
XOSOP.COM,",O",634,16,16,0,0,0,0,0,0,1,3,1,-24.888,19,1,12.95,12.95,LEGIT
BRZWCURTY.NET,",O",634,9,9,0,0,0,0,0,0,1,2,1,25.52,24,0,38.85,38.85,LEGIT
TMA.COM,",O",634,19,19,0,0,1,0,0,0,1,1,1,-4.8,9,1,11.01,11.01,LEGIT
BRZWCURTY.NET,",O",634,21,21,0,0,0,1,0,0,1,0,0,32.528,20,0,38.85,38.85,LEGIT
XOSOP.COM,",O",634,8,8,1,0,1,1,0,0,1,3,0,-21.432,19,2,12.95,12.95,LEGIT
TCN.COM,",O",634,12,12,0,0,1,1,1,0,4,3,0,30.64,17,0,12.95,12.95,LEGIT
ACYTF.COM,",O",634,23,23,0,0,0,0,0,0,1,3,0,17.952,20,0,25.9,25.9,LEGIT
TMA.COM,",O",634,14,14,0,0,0,1,1,0,1,2,0,38.368,19,0,12.95,12.95,LEGIT
IZGVIOU.EDU,",O",634,9,9,0,0,0,0,0,0,1,3,1,55.184,17,1,12.95,12.95,LEGIT
ZJFIWMHQHB.COM,",O",634,11,11,0,0,0,0,0,0,1,2,0,46.472,21,0,38.85,38.85,LEGIT
EPPEH.COM,",O",634,13,13,0,0,1,1,0,1,1,4,0,3.416,7,1,89.95,89.95,LEGIT
YVUNAX.NET,",O",634,14,14,0,0,0,0,0,0,1,3,0,-13.832,6,0,12.95,12.95,LEGIT
TPZHKXC.COM,",O",634,13,13,0,0,0,1,0,0,1,3,0,20.992,19,0,49.95,49.95,LEGIT
DQUYRAZWRK.ORG,",O",634,8,8,0,0,1,1,0,0,1,3,1,4.48,9,9,49.95,49.95,LEGIT
DYPMZY.COM,",O",634,7,7,0,0,1,1,1,0,1,3,1,16.056,24,0,12.95,12.95,LEGIT
IQ.RR.COM,",O",634,21,21,0,0,1,0,0,0,1,3,0,14.0,9,9,38.85,38.85,LEGIT
WPAKFTKNFCFCDIVTU.COM,",O",634,11,11,0,0,0,0,0,0,1,3,0,-12.424,10,0,38.85,38.85,LEGIT
XOSOP.COM,",O",634,16,16,1,0,1,1,0,0,1,3,0,-21.432,19,2,38.85,38.85,LEGIT
XOSOP.COM,",O",634,20,20,0,0,0,1,0,0,1,2,0,36.632,21,0,38.85,38.85,LEGIT
XOSOP.COM,",O",634,12,12,0,0,0,1,1,0,1,1,1,35.24,17,4,12.95,12.95,LEGIT
XOSOP.COM,",O",634,12,12,0,0,0,0,1,0,1,2,1,19.368,22,5,12.95,12.95,LEGIT
VUHZRNB.COM,",O",634,10,10,0,0,0,1,1,0,1,3,0,32.568,19,0,49.95,49.95,LEGIT
VUHZRNB.COM,",O",634,9,9,0,0,1,1,0,0,1,2,0,27.368,8,0,12.95,12.95,LEGIT
JMTYI.MERCY,",O",634,20,20,0,0,0,0,0,0,1,3,1,18.832,22,0,12.95,12.95,LEGIT
YVUNAX.NET,",O",634,12,12,0,0,1,0,0,0,3,1,0,-47.32,7,0,25.9,25.9,LEGIT
VUHZRNB.COM,",O",634,15,15,0,0,0,1,0,0,6,2,1,18.568,23,0,38.85,38.85,LEGIT
XOSOP.COM,",O",634,14,14,0,0,1,1,1,0,1,3,1,3.096,9,4,12.95,12.95,LEGIT
VUHZRNB.COM,",O",634,22,22,0,0,0,1,1,0,2,3,0,22.736,7,2,38.85,38.85,LEGIT
BRZWCURTY.NET,",O",634,19,19,0,0,0,1,1,0,1,2,0,-50.888,20,0,38.85,38.85,LEGIT
XFXEBKWR.NET,",O",634,23,23,0,0,1,0,0,0,3,3,0,-14.44,11,0,12.95,12.95,LEGIT
BRZWCURTY.NET,",O",634,0,0,0,0,0,1,1,0,1,3,0,39.024,22,0,38.85,38.85,LEGIT
FVVJZ.EDU,",O",634,15,15,0,0,1,1,1,1,1,3,0,-27.872,7,3,38.85,38.85,LEGIT
TGRXNMB.NET,",O",634,18,18,0,0,0,0,0,0,3,3,1,50.6,10,2,12.95,12.95,LEGIT
HIIOKAFUGMZ.COM,",O",634,13,14,0,0,0,0,0,0,1,2,0,55.632,7,6,38.85,38.85,LEGIT
IQ.RR.COM,",O",634,12,12,0,0,1,1,1,0,1,2,0,17.432,18,2,10.36,10.36,LEGIT
YVMCDBPFPZ.NET,",O",634,15,15,0,0,1,1,1,0,1,0,0,16.24,9,0,38.85,38.85,LEGIT
WRNKBFWM.COM,",O",634,14,14,0,0,0,1,1,0,1,3,0,-70.888,16,0,12.95,12.95,LEGIT
TMA.COM,",O",634,11,11,0,0,0,1,1,0,1,3,1,-23.48,17,1,12.95,12.95,LEGIT
EPPEH.COM,",O",634,8,8,0,0,1,1,0,1,1,4,0,3.416,7,1,12.95,12.95,LEGIT
JTZWUCCGPKA.COM,",O",634,22,22,0,0,1,1,1,0,1,3,0,27.2,10,0,49.95,49.95,LEGIT
TMA.COM,",O",634,18,18,0,0,1,1,1,0,1,3,1,17.912,6,1,12.95,12.95,LEGIT
IFPKZSUIDYZDE.COM,",O",634,13,13,0,0,1,0,0,0,1,3,0,35.816,9,0,12.95,12.95,LEGIT
VUHZRNB.COM,",O",634,10,10,0,0,0,0,0,0,1,3,0,32.168,10,1,12.95,12.95,LEGIT
YFGINGP.NET,",O",634,11,11,0,0,0,0,1,0,1,3,0,-4.616,26,0,10.36,10.36,LEGIT
TMA.COM,",O",634,10,11,0,0,0,1,1,0,1,3,1,-20.696,17,2,38.85,38.85,LEGIT
SMVDVFBTEOGI.NET,",O",634,19,19,0,0,0,1,1,0,2,3,0,30.912,7,4,49.95,49.95,LEGIT
BRZWCURTY.NET,",O",634,11,11,0,0,1,1,0,0,1,1,1,-0.832,15,2,49.95,49.95,LEGIT
TCN.COM,",O",634,17,17,0,0,0,0,0,0,1,3,1,-6.424,16,2,12.95,12.95,LEGIT
XOSOP.COM,",O",634,20,20,0,0,1,0,0,0,1,3,1,33.304,8,0,31.08,31.08,LEGIT
VUHZRNB.COM,",O",634,11,11,1,0,1,0,1,0,2,1,0,36.608,6,0,31.08,31.08,LEGIT
TGRXNMB.NET,",O",634,19,19,0,0,1,1,1,0,1,2,1,1.256,22,1,12.95,12.95,LEGIT
XOSOP.COM,",O",634,22,22,0,0,1,1,0,0,2,0,1,38.792,7,2,38.85,38.85,LEGIT
TGRXNMB.NET,",O",634,13,13,0,0,0,1,1,0,2,2,0,21.104,7,3,49.95,49.95,LEGIT
XOSOP.COM,",O",634,19,19,0,0,1,1,0,0,1,3,1,48.832,19,4,12.95,12.95,LEGIT
VUHZRNB.COM,",O",634,11,11,0,0,1,0,0,0,2,3,1,30.472,11,0,12.95,12.95,LEGIT
QUTREZRGD.NET,",O",634,19,19,0,0,0,0,0,0,3,2,0,-67.512,7,0,12.95,12.95,LEGIT
VUHZRNB.COM,",O",634,17,17,0,0,1,0,0,0,1,3,0,-5.408,19,4,12.95,12.95,LEGIT
TGRXNMB.NET,",O",634,21,21,0,0,0,0,1,0,1,2,1,54.688,19,2,12.95,12.95,LEGIT
TMA.COM,",O",634,9,9,0,0,0,0,0,0,1,2,1,32.296,16,2,12.95,12.95,LEGIT
XOSOP.COM,",O",634,21,21,0,0,1,1,1,0,1,3,0,-1.024,10,0,12.95,12.95,LEGIT
TMA.COM,",O",634,7,7,0,0,1,1,0,0,1,2,0,2.392,6,0,38.85,38.85,LEGIT
VUHZRNB.COM,",O",634,12,12,0,0,1,1,1,0,1,3,1,-42.52,9,9,38.85,38.85,LEGIT
HPQF.COM,",O",634,2,2,0,0,0,0,0,0,2,2,1,38.008,18,0,38.85,38.85,LEGIT
TMA.COM,",O",634,14,14,0,0,0,1,1,0,1,3,0,-34.272,18,0,38.85,38.85,LEGIT
TGRXNMB.NET,",O",634,15,15,0,0,0,1,1,0,2,2,1,-37.728,19,0,49.95,49.95,LEGIT
BRZWCURTY.NET,",O",634,14,14,0,0,1,0,0,0,2,2,0,33.296,10,0,38.85,38.85,LEGIT
VUHZRNB.COM,",O",634,16,16,0,0,0,0,0,0,1,0,1,-61.96,23,3,38.85,38.85,LEGIT
TMA.COM,",O",634,17,17,0,0,1,1,0,0,1,0,0,-38.76,7,0,38.85,38.85,LEGIT
NVRYGFIBJ.COM,",O",634,13,13,0,0,1,0,0,0,1,3,0,12.936,9,3,12.95,12.95,LEGIT
YVUNAX.NET,",O",634,12,12,0,0,1,1,0,0,1,2,1,42.88,12,0,31.08,31.08,LEGIT
XOSOP.COM,",O",634,20,20,0,0,0,0,0,0,1,3,1,45.952,34,0,34.95,34.95,LEGIT
VUHZRNB.COM,",O",634,22,22,0,0,0,1,0,0,1,3,1,25.104,19,1,38.85,38.85,LEGIT
ZHFSZNJ.COM,",O",634,20,20,0,0,0,1,1,0,1,2,1,-63.504,19,0,38.85,38.85,LEGIT
TGRXNMB.NET,",O",634,17,17,0,0,0,0,0,0,1,2,1,-25.512,8,2,38.85,38.85,LEGIT
XOSOP.COM,",O",634,16,16,0,0,0,0,1,0,1,3,1,54.256,7,0,12.95,12.95,LEGIT
QYMGCUN.NET,",O",634,19,19,0,0,0,1,0,0,1,3,1,27.368,7,0,38.85,38.85,LEGIT
BRZWCURTY.NET,",O",634,4,4,0,0,1,0,0,0,1,3,1,-6.648,8,1,25.9,25.9,LEGIT
TMA.COM,",O",634,18,18,0,0,0,1,1,0,1,3,1,15.344,15,0,38.85,38.85,LEGIT
IQ.RR.COM,",O",634,15,15,0,0,0,0,0,0,1,2,0,-11.68,17,0,38.85,38.85,LEGIT
VUHZRNB.COM,",O",634,14,14,0,0,1,1,0,0,2,3,0,-24.856,6,6,38.85,38.85,LEGIT
TGRXNMB.NET,",O",634,14,14,0,0,1,1,1,0,2,2,0,-28.36,19,0,25.9,25.9,LEGIT
YXAWJOOJ.COM,",O",634,1,1,0,0,1,1,1,0,1,3,0,25.52,6,0,11.01,11.01,LEGIT
LYUCCRQ.COM,",O",634,1,1,0,1,0,1,0,0,1,2,0,38.128,15,0,38.85,38.85,LEGIT
TGRXNMB.NET,",O",634,15,15,0,0,0,0,0,0,3,3,0,40.048,10,0,38.85,38.85,LEGIT
VUHZRNB.COM,",O",634,15,15,0,0,1,0,0,0,1,2,1,46.88,9,0,38.85,38.85,LEGIT
XZXDQOGHY.NET,",O",634,18,18,0,0,1,0,1,0,2,3,1,11.608,27,4,38.85,38.85,LEGIT
BRZWCURTY.NET,",O",634,20,20,0,0,1,1,1,0,1,3,0,-30.248,8,0,12.95,12.95,LEGIT
TMA.COM,",O",634,20,20,0,0,1,0,1,0,1,3,1,21.552,13,0,49.95,49.95,LEGIT
TMA.COM,",O",634,20,20,0,0,0,1,0,0,1,2,1,-40.912,15,4,38.85,38.85,LEGIT
VUHZRNB.COM,",O",634,18,18,0,0,1,0,0,0,2,4,1,-46.616,8,0,12.95,12.95,LEGIT
BRZWCURTY.NET,",O",634,16,16,0,0,1,0,0,0,1,3,1,-6.648,8,1,38.85,38.85,LEGIT
RMBRSL.COM,",O",634,13,13,0,0,0,1,0,0,1,3,0,3.272,7,0,38.85,38.85,LEGIT
VLTSAEOVD.COM,",O",634,15,15,0,0,1,0,0,0,1,1,1,-21.064,16,0,12.95,12.95,LEGIT
TMA.COM,",O",634,14,14,0,0,1,0,1,0,1,2,0,-45.512,14,0,12.95,12.95,LEGIT
XZXDQOGHY.NET,",O",634,8,8,0,0,0,0,1,0,1,2,1,27.936,21,0,38.85,38.85,LEGIT
GRCQOBWE.NET,",O",634,16,16,0,0,0,0,0,0,1,3,0,24.192,17,0,49.95,49.95,LEGIT
HQMLYHXIA.COM,",O",634,12,12,0,0,0,1,1,0,1,2,0,1.816,32,1,12.95,12.95,LEGIT
YXAWJOOJ.COM,",O",634,8,8,0,0,1,0,0,0,1,3,1,-5.272,9,9,49.95,49.95,LEGIT
TGRXNMB.NET,",O",634,22,22,0,0,0,1,0,0,1,2,0,-28.272,24,0,38.85,38.85,LEGIT
TMA.COM,",O",634,22,22,0,0,0,0,1,0,2,0,0,35.064,9,0,12.95,12.95,LEGIT
BRZWCURTY.NET,",O",634,11,11,0,0,0,1,0,0,1,3,0,14.088,23,0,49.95,49.95,LEGIT
VUHZRNB.COM,",O",634,10,10,0,0,1,0,0,0,1,3,0,42.032,13,0,12.95,12.95,LEGIT
UGGLH.COM,",O",634,23,23,0,0,1,1,0,0,1,0,0,30.472,6,1,38.85,38.85,LEGIT
BHKRUPCRG.COM,",O",634,12,12,0,0,0,1,1,0,1,2,1,-58.344,19,0,38.85,38.85,LEGIT
UGGLH.COM,",O",634,7,7,0,0,0,1,0,0,2,3,1,-25.616,9,0,49.95,49.95,LEGIT
IQ.RR.COM,",O",634,15,15,0,0,0,0,1,0,1,2,0,20.544,21,0,49.95,49.95,LEGIT
VUHZRNB.COM,",O",634,15,15,0,0,0,1,0,0,1,3,1,41.568,24,0,38.85,38.85,LEGIT
VUHZRNB.COM,",O",634,20,20,0,0,0,1,1,0,2,3,1,43.92,7,0,38.85,38.85,LEGIT
XOSOP.COM,",O",634,12,12,0,0,1,0,0,0,1,3,0,-19.184,7,2,38.85,38.85,LEGIT
TCN.COM,",O",634,14,14,0,0,0,1,1,0,4,3,0,47.056,22,5,38.85,38.85,LEGIT
YAPGBPHWGJW.COM,",O",634,20,20,0,0,0,0,0,0,1,3,1,30.392,26,0,38.85,38.85,LEGIT
VUHZRNB.COM,",O",634,16,16,0,0,1,1,1,0,1,3,0,-7.816,6,1,10.36,10.36,LEGIT
RNUAKBOLHX.COM,",O",634,16,16,0,0,0,0,0,0,1,3,0,43.552,21,0,49.95,49.95,LEGIT
TCN.COM,",O",634,13,13,0,0,1,1,0,0,1,4,1,-53.456,10,10,12.95,12.95,LEGIT
VUHZRNB.COM,",O",634,12,12,0,0,0,1,1,0,2,2,0,45.856,9,0,10.36,10.36,LEGIT
VUHZRNB.COM,",O",634,15,15,0,0,1,0,1,0,2,2,0,-35.048,6,0,12.95,12.95,LEGIT
YVMCDBPFPZ.NET,",O",634,12,12,0,0,1,1,1,0,1,0,0,16.24,9,0,38.85,38.85,LEGIT
UGGLH.COM,",O",634,14,14,0,0,0,0,0,0,1,3,0,-51.184,17,0,12.95,12.95,LEGIT
OBZCDHU.NET,",O",634,12,12,0,0,1,1,0,0,1,3,1,-12.824,19,0,38.85,38.85,LEGIT
TMA.COM,",O",634,8,8,0,0,0,1,1,0,2,3,1,-56.608,16,0,59.4,59.4,LEGIT
VUHZRNB.COM,",O",634,6,5,0,0,0,1,1,0,1,3,0,-14.304,19,2,12.95,12.95,LEGIT
TCN.COM,",O",634,21,21,0,0,0,1,1,0,1,3,1,-45.64,19,0,38.85,38.85,LEGIT
TCN.COM,",O",634,21,21,0,0,0,1,0,0,2,2,1,-15.192,19,0,12.95,12.95,LEGIT
XOSOP.COM,",O",634,11,11,0,0,1,0,1,0,7,4,1,-2.736,6,0,12.95,12.95,LEGIT
VUHZRNB.COM,",O",634,16,16,0,0,1,1,0,0,6,2,1,18.568,23,0,12.95,12.95,FRAUD
SJYZDF.COM,",O",634,18,18,0,0,1,1,0,0,1,3,1,30.008,6,2,12.95,12.95,LEGIT
KUBS.COM,",O",634,13,13,0,0,0,0,1,0,1,3,1,26.48,14,0,12.95,12.95,LEGIT
HPQF.COM,",O",634,17,17,0,0,1,1,0,0,1,3,1,50.456,17,0,49.95,49.95,LEGIT
XZXDQOGHY.NET,",O",634,7,7,0,0,0,0,0,0,3,0,1,44.568,6,4,49.95,49.95,LEGIT
TMA.COM,",O",634,1,1,0,0,0,0,0,0,1,3,0,33.12,17,0,38.85,38.85,LEGIT
TMA.COM,",O",634,9,9,0,0,1,1,0,0,2,2,1,13.888,17,3,11.65,11.65,LEGIT
CKAJQ.MERCY,",O",634,11,11,0,0,0,1,0,0,1,3,1,21.024,21,0,49.95,49.95,LEGIT
TGRXNMB.NET,",O",634,14,14,0,0,1,1,1,0,1,3,0,23.096,9,9,10.36,10.36,FRAUD
EEEIG.COM,",O",634,14,14,0,0,1,0,0,0,1,3,0,-2.704,12,0,12.95,12.95,LEGIT
HAFWRCXBNIFTUS.COM,",O",634,16,16,0,0,1,1,1,0,3,3,1,8.416,9,9,12.95,12.95,LEGIT
TMA.COM,",O",634,16,16,0,0,0,1,1,0,2,1,1,31.4,13,1,38.85,38.85,LEGIT
VUHZRNB.COM,",O",634,18,18,0,0,1,1,0,0,6,2,1,18.568,23,0,12.95,12.95,LEGIT
BRZWCURTY.NET,",O",634,22,22,0,0,1,1,1,0,2,3,1,15.2,8,1,12.95,12.95,LEGIT
TGRXNMB.NET,",O",634,18,19,0,0,0,1,1,0,1,0,0,-20.832,26,2,38.85,38.85,LEGIT
XOSOP.COM,",O",634,14,14,0,0,1,1,1,0,1,2,1,3.096,9,4,12.95,12.95,LEGIT
XOSOP.COM,",O",634,11,11,0,0,0,0,0,0,1,2,1,-17.424,22,4,12.95,12.95,LEGIT
TCN.COM,",O",634,11,11,1,0,1,0,0,0,1,3,0,43.04,11,0,20.72,20.72,LEGIT
XOSOP.COM,",O",634,19,19,0,0,1,1,1,0,1,2,1,3.096,9,4,38.85,38.85,LEGIT
IQ.RR.COM,",O",634,14,14,0,0,1,1,1,0,1,3,0,11.32,10,0,10.36,10.36,LEGIT
BRZWCURTY.NET,",O",634,18,18,0,0,0,0,0,0,1,1,1,-13.864,22,0,49.95,49.95,LEGIT
TMA.COM,",O",634,17,17,0,0,0,1,1,0,1,0,0,-60.336,18,4,38.85,38.85,LEGIT
VUHZRNB.COM,",O",634,19,19,0,0,1,1,1,0,2,2,1,42.472,24,0,25.9,25.9,LEGIT
BRZWCURTY.NET,",O",634,16,16,0,0,1,1,1,0,1,3,0,33.168,21,2,38.85,38.85,LEGIT
IQ.RR.COM,",O",634,9,9,0,0,1,1,0,0,1,3,0,14.104,8,0,25.9,25.9,LEGIT
VUHZRNB.COM,",O",634,15,15,0,0,1,0,0,0,1,3,0,-5.408,19,4,38.85,38.85,LEGIT
TMA.COM,",O",634,13,13,0,0,1,0,0,0,2,0,1,36.888,15,4,12.95,12.95,LEGIT
JGFBS.NET,",O",634,21,21,0,0,0,1,1,0,2,2,1,26.704,9,0,12.95,12.95,LEGIT
TCN.COM,",O",634,13,13,1,0,1,0,0,0,1,3,0,43.04,11,0,31.08,31.08,LEGIT
TGRXNMB.NET,",O",634,17,17,0,0,0,0,0,0,1,3,0,-73.896,23,0,49.95,49.95,LEGIT
XOSOP.COM,",O",634,12,12,0,0,0,0,0,0,1,2,1,61.032,18,0,12.95,12.95,LEGIT
VUHZRNB.COM,",O",634,10,10,0,0,1,1,1,0,1,3,1,-42.52,9,9,38.85,38.85,LEGIT
XOSOP.COM,",O",634,11,11,0,0,0,1,0,0,1,3,0,-10.944,26,0,25.9,25.9,LEGIT
BRZWCURTY.NET,",O",634,14,14,0,0,1,1,0,0,1,3,0,11.24,10,0,38.85,38.85,LEGIT
XZXDQOGHY.NET,",O",634,12,12,0,0,0,1,1,0,1,2,1,-59.952,24,4,38.85,38.85,LEGIT
TMA.COM,",O",634,20,20,0,0,0,0,0,0,1,3,1,-49.224,19,1,12.95,12.95,LEGIT
TMA.COM,",O",634,1,1,0,0,1,0,0,0,2,3,1,36.888,15,4,12.95,12.95,LEGIT
VOP.COM,",O",634,19,19,0,0,1,0,0,0,1,2,0,14.488,7,0,20.72,20.72,LEGIT
KSZA.NET,",O",634,10,10,0,0,1,1,0,0,1,2,1,45.832,15,0,12.95,12.95,LEGIT
VUHZRNB.COM,",O",634,15,15,0,0,0,1,0,0,1,3,1,26.328,19,0,49.95,49.95,LEGIT
MHLFBI.RR.COM,",O",634,21,21,0,0,1,1,1,0,1,3,0,14.36,7,0,38.85,38.85,LEGIT
TMA.COM,",O",634,6,6,0,0,0,1,1,0,1,3,1,27.568,16,0,49.95,49.95,LEGIT
XOSOP.COM,",O",634,14,14,0,0,1,0,0,0,1,1,1,49.928,8,0,38.85,38.85,LEGIT
XZXDQOGHY.NET,",O",634,16,16,0,0,1,0,1,0,2,2,1,11.608,27,4,12.95,12.95,LEGIT
XZXDQOGHY.NET,",O",634,14,14,0,0,0,0,0,0,2,1,0,-47.176,10,0,11.01,11.01,LEGIT
XOSOP.COM,",O",634,17,17,1,0,0,0,0,0,2,3,0,44.48,12,0,49.95,49.95,LEGIT
YFGINGP.NET,",O",634,11,11,0,0,0,0,1,0,1,3,0,-4.616,26,0,10.36,10.36,LEGIT
VUHZRNB.COM,",O",634,6,6,0,0,0,1,1,0,1,2,0,-17.456,22,0,49.95,49.95,LEGIT
TMA.COM,",O",634,14,14,0,0,1,1,1,0,1,3,0,7.776,8,0,38.85,38.85,LEGIT
LMHCTFXPD.K12,",O",634,14,14,0,0,0,1,0,0,1,3,1,41.4,26,2,38.85,38.85,LEGIT
XOSOP.COM,",O",634,16,16,0,0,1,0,1,0,7,4,1,-2.736,6,0,12.95,12.95,LEGIT
XOSOP.COM,",O",634,15,15,0,0,0,1,0,0,1,3,0,26.272,23,6,49.95,49.95,LEGIT
VUHZRNB.COM,",O",634,10,10,0,0,1,0,0,0,1,1,1,38.568,20,1,12.95,12.95,LEGIT
TMA.COM,",O",634,13,13,0,0,0,1,0,0,1,3,0,-23.264,16,3,38.85,38.85,LEGIT
VUHZRNB.COM,",O",634,5,5,0,0,1,1,1,0,2,2,1,42.472,24,0,12.95,12.95,LEGIT
BOBU.COM,",O",634,15,15,0,0,0,0,0,0,1,3,0,32.272,22,0,12.95,12.95,LEGIT
TMA.COM,",O",634,19,19,0,0,1,0,0,0,2,0,1,36.888,15,4,12.95,12.95,LEGIT
AMKVQCRHOA.COM,",O",634,8,8,0,0,1,1,0,0,1,2,0,6.232,8,0,10.36,10.36,LEGIT
ZUB.NET,",O",634,14,14,0,0,1,1,0,0,1,3,0,2.848,25,0,12.95,12.95,LEGIT
XZXDQOGHY.NET,",O",634,15,15,0,0,0,0,0,0,1,3,1,22.6,24,0,12.95,12.95,LEGIT
ZX.IBM.COM,",O",634,17,17,0,0,0,1,0,0,1,3,0,-26.096,18,0,49.95,49.95,LEGIT
BRZWCURTY.NET,",O",634,20,20,0,1,1,1,1,0,1,3,0,8.704,7,1,25.9,25.9,LEGIT
TMA.COM,",O",634,22,22,0,0,0,1,1,0,1,3,1,-31.128,14,4,12.95,12.95,LEGIT
TMA.COM,",O",634,10,10,0,0,1,1,1,0,1,3,0,-32.592,9,0,38.85,38.85,LEGIT
AJEXDGRUROWIVO.ORG,",O",634,21,21,0,0,0,1,1,0,2,2,0,-46.8,36,0,38.85,38.85,LEGIT
BEUGTHRVTZ.NET,",O",634,10,10,0,0,1,0,1,0,1,2,0,38.208,7,4,12.95,12.95,LEGIT
WIJNY.COM,",O",634,12,12,1,0,0,1,1,0,1,3,1,-10.448,16,0,38.85,38.85,LEGIT
VUHZRNB.COM,",O",634,16,16,1,0,1,1,1,0,1,3,0,42.856,10,0,25.9,25.9,LEGIT
IQ.RR.COM,",O",634,8,8,0,0,0,1,1,0,1,3,0,-88.544,18,1,38.85,38.85,LEGIT
UUDWKQCPHWXBUNHG.COM,",O",634,12,12,0,0,1,1,1,0,1,3,1,-20.064,25,0,36.26,36.26,LEGIT
BRZWCURTY.NET,",O",634,7,7,0,0,0,0,0,0,1,3,0,-37.672,21,3,12.95,12.95,LEGIT
BRZWCURTY.NET,",O",634,12,12,0,0,0,1,1,0,2,4,0,-25.28,10,2,12.95,12.95,LEGIT
IVBV.UMR,",O",634,8,8,0,0,1,1,1,0,1,2,0,-46.712,10,0,49.95,49.95,LEGIT
XZXDQOGHY.NET,",O",634,21,21,0,0,0,1,1,0,1,3,0,-8.272,25,0,38.85,38.85,LEGIT
TGRXNMB.NET,",O",634,21,21,0,0,0,0,0,0,2,3,0,54.792,20,4,12.95,12.95,LEGIT
SMYLGCLOHOYRXR.COM,",O",634,16,16,0,0,1,1,0,0,1,3,0,31.856,13,0,59.4,59.4,LEGIT
CLQF.EDU,",O",634,15,15,0,0,0,1,0,0,1,3,1,40.864,14,1,31.08,31.08,LEGIT
XOSOP.COM,",O",634,17,17,1,0,1,0,1,0,1,3,1,50.912,25,5,12.95,12.95,LEGIT
KUBS.COM,",O",634,12,12,0,0,1,0,1,0,1,3,1,26.48,14,0,12.95,12.95,LEGIT
XOSOP.COM,",O",634,15,15,0,0,1,0,1,0,7,4,1,-2.736,6,0,12.95,12.95,LEGIT
XOSOP.COM,",O",634,14,14,0,0,1,0,0,0,1,3,0,35.76,6,2,38.85,38.85,LEGIT
VUHZRNB.COM,",O",634,11,11,0,0,0,0,0,0,1,3,0,50.704,23,2,31.08,31.08,LEGIT
UOQZNQDFVRX.COM,",O",634,10,10,1,0,0,1,0,0,1,3,1,20.92,8,0,49.95,49.95,LEGIT
VUHZRNB.COM,",O",634,18,18,0,0,1,1,0,0,6,2,1,18.568,23,0,12.95,12.95,LEGIT
IQ.RR.COM,",O",634,14,14,0,0,1,0,0,0,1,2,0,-37.688,8,1,10.36,10.36,LEGIT
BRZWCURTY.NET,",O",634,18,18,0,0,1,0,0,0,1,1,0,33.584,6,0,12.95,12.95,LEGIT
TLSZHOCYK.COM,",O",634,9,9,0,0,1,0,0,0,1,2,1,-52.088,8,0,12.95,12.95,LEGIT
FBRHZJ.NIH,",O",634,7,7,0,0,0,0,1,0,1,0,1,-110.0,22,0,31.08,31.08,LEGIT
TMA.COM,",O",634,18,18,0,0,1,1,1,0,1,3,1,17.912,6,1,25.9,25.9,LEGIT
IQ.RR.COM,",O",634,21,21,1,0,0,1,0,0,2,3,1,-5.688,30,0,38.85,38.85,LEGIT
TMA.COM,",O",634,15,15,0,0,1,0,0,0,2,3,1,-23.088,7,1,38.85,38.85,LEGIT
VUHZRNB.COM,",O",634,18,18,0,0,0,0,0,0,1,1,1,38.568,20,1,38.85,38.85,LEGIT
TGRXNMB.NET,",O",634,15,15,0,0,1,1,1,0,2,3,1,-20.04,19,1,12.95,12.95,LEGIT
XOSOP.COM,",O",634,11,11,0,0,1,1,1,0,2,3,0,52.904,10,2,25.9,25.9,LEGIT
BRZWCURTY.NET,",O",634,20,20,0,0,1,1,1,0,1,3,0,-30.248,8,0,25.9,25.9,LEGIT
BRZWCURTY.NET,",O",634,21,21,0,0,0,1,0,0,1,3,0,-13.144,24,0,38.85,38.85,LEGIT
XOSOP.COM,",O",634,8,8,0,0,1,1,1,0,2,3,0,52.904,10,2,12.95,12.95,LEGIT
TMA.COM,",O",634,22,22,0,0,0,0,1,0,2,1,0,-75.504,18,0,38.85,38.85,LEGIT
BRZWCURTY.NET,",O",634,9,9,0,0,1,1,1,0,1,3,1,27.912,9,9,25.9,25.9,LEGIT
VVKSOSTPQWEWC.COM,",O",634,14,14,0,0,0,0,0,0,1,2,0,-1.136,25,0,38.85,38.85,LEGIT
XOSOP.COM,",O",634,8,8,0,0,1,1,1,0,2,3,0,52.904,10,2,12.95,12.95,LEGIT
TMA.COM,",O",634,14,14,0,0,0,0,1,0,1,2,0,-45.512,14,0,12.95,12.95,LEGIT
SVWZCKI.COM,",O",634,12,12,0,0,0,0,0,0,1,3,0,30.336,19,0,38.85,38.85,LEGIT
ONBAHZA.COM,",O",634,14,14,0,0,0,1,1,0,1,3,0,-5.824,21,0,12.95,12.95,LEGIT
YFGINGP.NET,",O",634,14,14,0,0,0,0,1,0,1,3,0,-4.616,26,0,38.85,38.85,LEGIT
TMA.COM,",O",634,14,14,0,0,0,1,0,0,1,2,0,-7.696,19,1,38.85,38.85,LEGIT
BRZWCURTY.NET,",O",634,22,22,0,0,1,1,1,0,2,3,1,15.2,8,1,12.95,12.95,LEGIT
XOSOP.COM,",O",634,18,18,0,0,1,1,1,0,1,3,0,-9.52,10,0,38.85,38.85,LEGIT
IQ.RR.COM,",O",634,13,13,0,0,0,0,1,0,1,3,1,-39.704,16,0,38.85,38.85,LEGIT
TMA.COM,",O",634,22,22,0,0,1,1,0,0,1,2,1,15.512,11,9,12.95,12.95,LEGIT
TGRXNMB.NET,",O",634,14,14,0,0,1,1,0,0,2,3,1,31.968,9,9,12.95,12.95,LEGIT
HAFWRCXBNIFTUS.COM,",O",634,18,18,0,0,1,1,1,0,1,3,1,8.016,7,4,38.85,38.85,LEGIT
IQ.RR.COM,",O",634,14,14,0,0,1,0,1,0,1,3,0,-52.248,9,9,12.95,12.95,LEGIT
BRZWCURTY.NET,",O",634,21,21,0,0,1,1,1,0,1,3,0,-30.248,8,0,25.9,25.9,LEGIT
CKAJQ.MERCY,",O",634,11,11,0,0,0,1,0,0,1,3,1,21.024,21,0,11.01,11.01,LEGIT
XZXDQOGHY.NET,",O",634,16,16,0,0,0,1,1,0,2,1,1,-59.168,22,0,11.01,11.01,LEGIT
XOSOP.COM,",O",634,12,12,0,0,1,1,0,0,1,3,1,39.552,11,0,12.95,12.95,LEGIT
TMA.COM,",O",634,20,20,1,0,1,0,0,0,1,3,1,24.472,15,0,12.95,12.95,LEGIT
IATKBWHVKYMPZREMTV.BIZ,",O",634,14,14,0,0,1,1,1,0,1,3,1,57.072,27,0,20.72,20.72,LEGIT
TMA.COM,",O",634,11,11,1,0,1,1,1,0,1,3,0,18.28,8,3,25.9,25.9,LEGIT
XOSOP.COM,",O",634,13,13,0,0,0,0,0,0,1,3,0,20.984,7,4,38.85,38.85,LEGIT
OBZCDHU.NET,",O",634,12,12,0,0,1,1,0,0,1,3,1,-12.824,19,0,38.85,38.85,LEGIT
BRZWCURTY.NET,",O",634,23,23,0,0,1,1,1,0,1,3,0,-30.248,8,0,12.95,12.95,LEGIT
GYLMNHQ.NET,",O",634,22,22,0,0,0,1,1,0,1,2,0,-27.936,15,0,49.95,49.95,LEGIT
BRZWCURTY.NET,",O",634,14,14,0,0,0,1,1,0,2,4,0,-25.28,10,2,12.95,12.95,LEGIT
CKAJQ.MERCY,",O",634,11,11,0,0,0,1,0,0,1,3,1,21.024,21,0,12.95,12.95,LEGIT
TOPOFHRTYUKCRRPAKYEE.NET,",O",634,18,18,0,0,0,1,1,0,1,3,0,-52.712,29,0,12.95,12.95,LEGIT
TCN.COM,",O",634,10,10,0,0,0,1,1,0,2,3,1,19.24,15,2,38.85,38.85,LEGIT
VUHZRNB.COM,",O",634,14,14,0,0,0,1,1,0,1,3,1,45.0,22,2,12.95,12.95,LEGIT
VUHZRNB.COM,",O",634,19,19,0,0,0,0,0,0,1,3,0,-31.576,23,0,12.95,12.95,LEGIT
ETQGLWNPP.US,",O",634,20,20,0,0,0,1,0,0,1,2,0,-14.896,18,0,49.95,49.95,LEGIT
XOSOP.COM,",O",634,21,21,1,0,1,0,0,0,1,2,1,44.408,9,9,12.95,12.95,LEGIT
VUHZRNB.COM,",O",634,13,12,0,0,1,1,1,0,2,3,1,42.472,24,0,12.95,12.95,LEGIT
TGRXNMB.NET,",O",634,13,13,0,0,1,1,0,0,2,3,1,31.968,9,9,12.95,12.95,LEGIT
IQ.RR.COM,",O",634,12,12,1,0,0,0,0,0,1,3,0,25.488,20,0,12.95,12.95,LEGIT
VUHZRNB.COM,",O",634,20,20,0,0,0,0,0,0,2,2,1,-1.872,8,2,12.95,12.95,FRAUD
TMA.COM,",O",634,15,15,0,0,0,1,0,0,2,3,1,13.888,17,3,38.85,38.85,LEGIT
TMA.COM,",O",634,20,20,0,0,1,1,0,0,1,3,0,-10.608,8,4,49.95,49.95,LEGIT
VUHZRNB.COM,",O",634,12,12,0,0,0,0,0,0,1,3,1,50.32,12,0,12.95,12.95,LEGIT
YVUNAX.NET,",O",634,17,17,1,0,0,0,0,0,1,2,1,21.68,18,0,38.85,38.85,LEGIT
BRZWCURTY.NET,",O",634,11,11,0,0,1,1,1,0,1,3,1,-20.056,9,9,38.85,38.85,LEGIT
WRNKBFWM.COM,",O",634,14,14,0,0,0,1,1,0,1,3,0,-70.888,16,0,12.95,12.95,LEGIT
TMA.COM,",O",634,11,11,0,0,1,1,1,0,1,2,1,36.28,7,2,12.95,12.95,LEGIT
TCN.COM,",O",634,20,20,0,0,0,1,0,0,1,0,0,7.768,15,2,38.85,38.85,LEGIT
TGRXNMB.NET,",O",634,8,8,0,0,0,1,0,0,1,2,1,-69.712,20,2,25.9,25.9,LEGIT
IQ.RR.COM,",O",634,19,19,0,0,1,0,0,0,1,2,0,-37.688,8,1,10.36,10.36,LEGIT
RNUAKBOLHX.COM,",O",634,18,18,0,0,1,0,0,0,1,3,0,0.016,8,0,49.95,49.95,LEGIT
TCN.COM,",O",634,18,18,0,0,1,1,0,0,1,3,0,-47.968,8,0,31.08,31.08,LEGIT
VUHZRNB.COM,",O",634,16,16,1,0,1,1,1,0,1,3,0,42.856,10,0,38.85,38.85,LEGIT
XOSOP.COM,",O",634,20,20,0,0,0,1,0,0,1,3,1,48.832,19,4,38.85,38.85,LEGIT
TMA.COM,",O",634,13,13,0,0,1,0,0,0,1,0,0,-51.72,7,0,12.95,12.95,LEGIT
XOSOP.COM,",O",634,10,10,0,0,0,1,0,0,1,3,0,-10.944,26,0,49.95,49.95,LEGIT
UGGLH.COM,",O",634,9,9,0,0,0,0,0,0,1,3,1,-8.232,19,2,12.95,12.95,LEGIT
BRZWCURTY.NET,",O",634,23,23,0,0,1,1,1,0,1,3,0,-30.248,8,0,12.95,12.95,LEGIT
IQ.RR.COM,",O",634,13,13,0,0,1,1,1,0,1,0,0,-45.32,9,0,38.85,38.85,LEGIT
TMA.COM,",O",634,9,9,0,0,0,1,0,0,2,2,0,-30.232,11,0,38.85,38.85,LEGIT
BRZWCURTY.NET,",O",634,14,14,0,0,1,1,1,0,1,3,1,33.912,8,0,31.08,31.08,LEGIT
IQ.RR.COM,",O",634,17,17,1,0,1,0,0,0,1,0,1,17.896,11,0,12.95,12.95,LEGIT
AMKVQCRHOA.COM,",O",634,8,8,0,0,1,1,0,0,1,2,0,6.232,8,0,10.36,10.36,LEGIT
TMA.COM,",O",634,17,17,1,0,1,1,1,0,1,3,1,12.152,9,9,12.95,12.95,LEGIT
VUHZRNB.COM,",O",634,22,22,0,0,0,1,0,0,1,3,1,11.072,20,2,12.95,12.95,LEGIT
MZUBYGGN.COM,",O",634,2,2,0,0,1,0,0,0,1,3,0,30.568,8,0,12.95,12.95,LEGIT
QJIWNZUH.COM,",O",634,17,17,0,0,1,1,0,1,1,0,1,-11.4,9,9,12.95,12.95,LEGIT
KTJF.MO,",O",634,12,12,0,0,0,1,0,0,1,3,0,-29.592,25,0,38.85,38.85,LEGIT
TMA.COM,",O",634,11,11,0,0,1,1,1,0,1,3,0,-0.968,17,0,12.95,12.95,LEGIT
IQ.RR.COM,",O",634,9,9,0,0,1,0,0,0,1,3,0,-37.688,8,1,31.08,31.08,LEGIT
POAANW.WUSTL,",O",634,22,22,0,0,0,1,0,0,1,3,1,45.928,24,0,38.85,38.85,LEGIT
BRZWCURTY.NET,",O",634,20,20,0,0,0,1,1,0,1,3,0,32.776,22,2,38.85,38.85,LEGIT
XOSOP.COM,",O",634,2,2,1,0,0,1,0,0,1,3,1,32.976,24,4,59.4,59.4,LEGIT
TMA.COM,",O",634,9,10,0,0,0,0,0,0,1,3,1,4.144,22,0,38.85,38.85,LEGIT
UGGLH.COM,",O",634,3,3,0,0,1,0,0,0,2,3,0,15.416,11,0,20.72,20.72,LEGIT
HAFWRCXBNIFTUS.COM,",O",634,12,12,0,0,0,0,0,0,1,3,1,36.096,6,0,38.85,38.85,LEGIT
OBZCDHU.NET,",O",634,20,20,0,0,1,1,0,0,1,3,1,-12.824,19,0,38.85,38.85,LEGIT
BRZWCURTY.NET,",O",634,22,22,0,0,1,1,1,0,1,3,0,-30.248,8,0,25.9,25.9,LEGIT
NUQ.EDU,",O",634,10,10,0,0,0,1,0,0,1,3,1,28.432,18,0,38.85,38.85,LEGIT
TMA.COM,",O",634,14,14,0,0,0,0,0,0,1,4,1,33.352,13,1,0.0,0.0,LEGIT
VUHZRNB.COM,",O",634,20,20,0,0,1,0,0,0,1,3,1,26.352,12,2,38.85,38.85,LEGIT
XOSOP.COM,",O",634,3,3,0,0,0,1,1,0,1,3,0,-37.136,8,2,38.85,38.85,LEGIT
XOSOP.COM,",O",634,13,13,1,0,0,1,1,0,1,3,1,-14.64,24,4,42.46,42.46,LEGIT
XOSOP.COM,",O",634,10,10,0,1,0,1,0,0,1,2,0,9.424,22,2,12.95,12.95,LEGIT
USCFXL.ORG,",O",634,16,16,0,0,0,0,0,0,1,3,1,36.632,9,2,38.85,38.85,LEGIT
UGGLH.COM,",O",634,11,12,0,0,1,0,1,0,2,2,0,26.424,13,0,38.85,38.85,LEGIT
XOSOP.COM,",O",634,15,15,0,0,0,1,0,0,1,3,1,33.312,17,0,38.85,38.85,LEGIT
JGFBS.NET,",O",634,22,22,0,0,0,1,1,0,2,2,0,21.136,19,0,12.95,12.95,LEGIT
TMA.COM,",O",634,9,9,0,0,1,0,0,0,1,3,1,-4.8,9,1,12.95,12.95,LEGIT
TMA.COM,",O",634,20,20,0,0,1,0,0,0,2,0,0,12.328,18,4,44.85,44.85,LEGIT
XOSOP.COM,",O",634,11,11,0,0,0,1,0,0,2,2,0,39.224,20,0,38.85,38.85,LEGIT
NBDHHSGEBWYMPFWT.COM,",O",634,18,18,0,0,1,1,0,0,1,3,1,40.92,11,0,11.01,11.01,LEGIT
TCN.COM,",O",634,9,9,0,0,1,0,1,1,1,0,1,-22.336,8,0,12.95,12.95,LEGIT
TOPOFHRTYUKCRRPAKYEE.NET,",O",634,18,18,0,0,0,1,1,0,1,3,0,-52.712,29,0,12.95,12.95,LEGIT
XOSOP.COM,",O",634,22,22,0,0,1,0,0,0,1,3,1,24.632,8,3,12.95,12.95,LEGIT
BB.COM,",O",634,22,22,0,0,0,0,0,0,1,3,0,38.488,14,0,38.85,38.85,LEGIT
JWWAG.NET,",O",634,8,8,0,0,0,0,0,0,1,3,1,-15.144,18,2,31.08,31.08,LEGIT
XOSOP.COM,",O",634,11,11,0,0,0,1,0,0,2,2,1,49.68,10,0,12.95,12.95,LEGIT
TMA.COM,",O",634,17,17,0,0,1,1,1,0,3,4,0,-43.112,10,3,12.95,12.95,LEGIT
FCIMPHJKQH.NET,",O",634,23,23,0,0,1,1,0,0,1,2,0,12.408,9,0,12.95,12.95,LEGIT
XOSOP.COM,",O",634,13,13,0,0,1,1,0,0,2,2,1,20.032,12,0,38.85,38.85,LEGIT
FVDSOROB.COM,",O",634,14,14,0,0,1,0,0,0,1,3,0,27.984,7,2,12.95,12.95,LEGIT
NEKSXUK.NET,",O",634,20,20,0,0,0,0,1,0,2,3,1,42.8,23,1,38.85,38.85,LEGIT
TCN.COM,",O",634,3,3,1,0,0,1,0,0,1,3,0,31.048,17,0,38.85,38.85,LEGIT
EBYFJ.NET,",O",634,12,12,0,0,0,1,0,0,1,0,0,-7.216,17,1,38.85,38.85,LEGIT
NHG.COM,",O",634,13,13,1,0,1,0,0,0,1,0,0,6.288,8,1,49.95,49.95,LEGIT
YXAWJOOJ.COM,",O",634,20,20,0,0,1,0,0,0,2,2,0,3.088,10,4,38.85,38.85,LEGIT
IQ.RR.COM,",O",634,15,15,0,0,1,0,0,0,1,3,0,14.168,9,9,38.85,38.85,LEGIT
TMA.COM,",O",634,18,18,0,0,1,1,0,0,1,3,1,10.096,16,1,49.95,49.95,LEGIT
TMA.COM,",O",634,17,17,0,0,0,1,0,0,1,3,1,-25.688,15,0,38.85,38.85,LEGIT
TMA.COM,",O",634,13,13,0,0,1,0,0,0,2,0,1,36.888,15,4,12.95,12.95,LEGIT
NAHPRXE.COM,",O",634,14,14,0,0,1,1,1,0,1,3,1,-26.272,22,0,10.36,10.36,LEGIT
BBDIMYPQVDMJ.COM,",O",634,13,13,0,0,0,0,0,0,1,0,0,31.912,27,0,38.85,38.85,LEGIT
TMA.COM,",O",634,17,17,0,0,1,1,1,0,1,3,0,-18.144,15,2,38.85,38.85,LEGIT
KSZA.NET,",O",634,8,8,0,0,1,1,0,0,1,3,1,45.832,15,0,12.95,12.95,LEGIT
VUHZRNB.COM,",O",634,17,17,0,0,1,1,0,0,2,2,0,21.4,7,0,49.95,49.95,LEGIT
ZYNNNN.NET,",O",634,20,20,0,0,0,1,0,0,1,2,1,-45.248,16,0,38.85,38.85,FRAUD
CLQF.EDU,",O",634,20,20,0,0,0,1,1,0,1,3,0,23.736,14,0,12.95,12.95,LEGIT
TMA.COM,",O",634,13,13,0,0,1,1,0,0,1,3,1,39.152,9,0,12.95,12.95,LEGIT
HDYMYKS.COM,",O",634,15,15,0,0,0,1,1,0,1,0,1,-23.0,8,3,49.95,49.95,LEGIT
TMA.COM,",O",634,23,23,0,0,1,1,1,0,1,2,0,12.04,8,0,38.85,38.85,LEGIT
SCTETZX.ND,",O",634,21,21,0,0,0,1,0,0,1,1,0,40.344,29,0,38.85,38.85,LEGIT
XOSOP.COM,",O",634,23,23,0,0,1,0,0,0,1,3,1,24.632,8,3,12.95,12.95,LEGIT
XOSOP.COM,",O",634,16,16,0,0,1,0,0,0,2,3,1,39.952,21,4,31.08,31.08,LEGIT
XOSOP.COM,",O",634,14,14,0,0,1,1,1,0,2,2,0,7.872,9,9,38.85,38.85,LEGIT
ZPBVEYBTQ.AF,",O",634,13,13,0,0,1,1,0,0,1,2,0,15.112,8,0,38.85,38.85,LEGIT
XZXDQOGHY.NET,",O",634,9,9,0,0,1,0,1,0,1,3,0,31.448,10,1,38.85,38.85,LEGIT
BRZWCURTY.NET,",O",634,16,16,0,0,0,0,0,0,1,3,1,58.936,26,0,12.95,12.95,LEGIT
XZXDQOGHY.NET,",O",634,8,8,0,0,0,0,1,0,1,4,1,-40.088,7,6,12.95,12.95,LEGIT
EAYROLLTBU.COM,",O",634,15,15,0,0,0,0,0,0,1,2,1,-22.504,22,2,38.85,38.85,LEGIT
BRZWCURTY.NET,",O",634,9,9,0,0,0,1,1,0,1,0,0,11.888,10,0,38.85,38.85,LEGIT
XOSOP.COM,",O",634,14,14,0,0,1,0,0,0,1,2,0,-59.784,10,0,12.95,12.95,LEGIT
XZXDQOGHY.NET,",O",634,9,9,0,0,1,1,1,1,2,0,0,2.12,18,0,12.95,12.95,LEGIT
TMA.COM,",O",634,16,16,0,0,1,0,0,0,2,3,0,-16.736,8,0,12.95,12.95,LEGIT
TCN.COM,",O",634,10,10,0,0,1,0,1,1,1,0,1,-22.336,8,0,12.95,12.95,LEGIT
TMA.COM,",O",634,15,15,0,0,1,1,0,0,1,3,0,6.216,8,0,25.9,25.9,LEGIT
BRZWCURTY.NET,",O",634,11,11,0,0,1,1,0,0,1,2,0,-29.024,30,0,49.95,49.95,LEGIT
ACYTF.COM,",O",634,23,23,0,0,0,0,0,0,1,3,0,17.952,20,0,12.95,12.95,LEGIT
BRZWCURTY.NET,",O",634,15,15,0,0,0,1,1,0,1,3,1,12.024,24,2,38.85,38.85,LEGIT
VUHZRNB.COM,",O",634,15,15,1,0,1,0,0,0,1,0,0,33.024,8,0,25.9,25.9,LEGIT
XOSOP.COM,",O",634,16,16,1,0,0,0,0,0,1,3,1,36.032,21,4,12.95,12.95,LEGIT
BJUKIEQEGJ.COM,",O",634,10,10,0,0,0,0,0,0,1,3,1,41.224,19,0,12.95,12.95,LEGIT
UGGLH.COM,",O",634,12,12,0,0,0,1,0,0,1,3,1,-47.624,14,1,38.85,38.85,LEGIT
TMA.COM,",O",634,15,15,0,0,1,0,0,0,1,2,1,20.208,11,4,38.85,38.85,LEGIT
BRZWCURTY.NET,",O",634,15,15,0,0,0,0,0,0,2,3,0,-35.368,21,0,12.95,12.95,LEGIT
IQ.RR.COM,",O",634,10,10,0,0,1,0,1,0,1,0,1,2.928,7,1,20.72,20.72,LEGIT
BRZWCURTY.NET,",O",634,23,23,0,0,1,1,1,0,2,3,0,17.024,9,9,12.95,12.95,LEGIT
KPCFAE.COM,",O",634,14,14,0,0,1,0,1,0,1,2,1,1.112,7,0,38.85,38.85,LEGIT
EEEIG.COM,",O",634,11,11,0,0,1,0,0,0,1,3,0,-2.704,12,0,12.95,12.95,LEGIT
BRZWCURTY.NET,",O",634,1,1,0,0,1,1,1,0,1,3,1,27.912,9,9,38.85,38.85,LEGIT
XOSOP.COM,",O",634,14,14,0,0,1,1,0,0,1,3,0,11.144,8,0,49.95,49.95,LEGIT
TMA.COM,",O",634,12,12,0,0,0,1,0,0,1,3,0,12.872,16,2,25.9,25.9,LEGIT
UGGLH.COM,",O",634,22,22,1,0,0,1,1,0,1,2,0,10.736,7,3,38.85,38.85,LEGIT
IQ.RR.COM,",O",634,14,14,0,0,1,0,1,0,1,3,0,-52.248,9,9,10.36,10.36,LEGIT
XOSOP.COM,",O",634,11,11,0,0,1,1,1,0,2,3,0,52.904,10,2,12.95,12.95,LEGIT
VUHZRNB.COM,",O",634,10,10,1,0,1,1,1,0,1,3,0,42.856,10,0,38.85,38.85,LEGIT
XOSOP.COM,",O",634,23,23,0,0,1,0,1,0,7,4,1,-2.736,6,0,12.95,12.95,LEGIT
TMA.COM,",O",634,19,19,0,0,1,1,1,0,1,3,0,-32.592,9,0,38.85,38.85,LEGIT
UGGLH.COM,",O",634,8,8,0,0,1,0,1,0,1,1,0,39.144,9,9,31.08,31.08,LEGIT
EEEIG.COM,",O",634,11,11,0,0,1,0,0,0,1,3,0,-2.704,12,0,12.95,12.95,LEGIT
FTHXNCTFNBA.COM,",O",634,12,12,0,0,1,0,0,0,1,2,0,-4.576,7,4,10.36,10.36,LEGIT
BRZWCURTY.NET,",O",634,11,11,0,0,1,1,1,0,2,3,0,17.024,9,9,12.95,12.95,LEGIT
HBQ.GOV,",O",634,7,7,0,0,0,0,0,0,1,2,1,17.712,7,4,22.02,22.02,LEGIT
TMA.COM,",O",634,22,22,0,0,0,0,1,0,1,3,1,51.712,16,2,12.95,12.95,LEGIT
IQ.RR.COM,",O",634,20,19,1,0,1,0,0,0,1,0,1,17.896,11,0,12.95,12.95,LEGIT
XOSOP.COM,",O",634,2,2,0,0,0,1,0,0,1,3,0,17.704,11,0,38.85,38.85,LEGIT
VUHZRNB.COM,",O",634,8,8,0,0,0,1,1,0,1,2,0,-30.384,23,0,49.95,49.95,LEGIT
XOSOP.COM,",O",634,10,10,0,0,0,1,0,0,1,2,0,20.528,16,3,10.36,10.36,LEGIT
NAHPRXE.COM,",O",634,18,18,0,0,1,1,1,0,2,2,1,-96.48,24,0,10.36,10.36,LEGIT
VUHZRNB.COM,",O",634,20,20,0,0,1,1,0,0,1,4,1,44.52,13,0,12.95,12.95,LEGIT
SGQAX.COM,",O",634,8,8,0,0,0,1,1,0,2,2,0,31.0,17,0,38.85,38.85,LEGIT
BRZWCURTY.NET,",O",634,16,16,0,0,0,1,1,0,1,3,1,-30.272,22,0,38.85,38.85,LEGIT
GCUXVRO.NET,",O",634,20,20,0,0,1,0,1,0,2,3,0,32.368,7,0,12.95,12.95,LEGIT
BRZWCURTY.NET,",O",634,12,12,0,0,0,0,0,0,1,3,1,24.68,25,4,12.95,12.95,LEGIT
NEKSXUK.NET,",O",634,20,20,0,0,0,1,0,0,1,3,0,31.64,20,1,38.85,38.85,LEGIT
VUHZRNB.COM,",O",634,14,14,0,0,1,1,1,0,2,3,0,40.472,6,2,12.95,12.95,LEGIT
TMA.COM,",O",634,8,8,0,0,1,0,0,0,2,3,0,-13.496,6,0,38.85,38.85,LEGIT
GRNFY.NWMISSOURI,",O",634,17,17,0,0,0,0,0,0,1,2,0,19.92,27,0,38.85,38.85,LEGIT
TMA.COM,",O",634,19,19,0,0,0,0,0,0,1,3,1,-19.52,19,2,38.85,38.85,LEGIT
VUHZRNB.COM,",O",634,10,10,0,0,1,1,0,0,2,3,0,-35.808,9,9,10.36,10.36,LEGIT
XOSOP.COM,",O",634,15,15,0,0,0,0,1,0,1,3,1,-16.888,19,0,12.3,12.3,LEGIT
VUHZRNB.COM,",O",634,20,20,0,0,1,1,0,0,1,2,1,39.44,8,1,38.85,38.85,LEGIT
TMA.COM,",O",634,19,19,0,0,1,0,0,0,1,3,1,50.208,18,2,10.36,10.36,LEGIT
TMA.COM,",O",634,15,15,1,0,0,0,0,0,1,4,1,45.616,22,0,0.0,0.0,LEGIT
TCN.COM,",O",634,21,21,0,0,0,1,0,0,2,2,1,-15.192,19,0,25.9,25.9,LEGIT
MBFTZWJL.COM,",O",634,9,9,0,0,1,1,0,0,1,3,0,44.848,20,0,12.95,12.95,LEGIT
XOSOP.COM,",O",634,9,9,0,0,1,0,0,0,1,3,1,24.632,8,3,12.95,12.95,LEGIT
TMA.COM,",O",634,13,13,0,0,1,1,0,0,1,3,0,6.216,8,0,25.9,25.9,LEGIT
ZUB.NET,",O",634,7,7,0,0,0,0,0,0,1,2,1,19.704,10,0,38.85,38.85,LEGIT
UGGLH.COM,",O",634,23,23,0,0,1,1,0,0,2,3,1,36.672,6,2,20.72,20.72,LEGIT
NT.ARMY.MIL,",O",634,7,7,0,0,1,1,1,0,1,3,1,47.8,8,0,25.9,25.9,LEGIT
ECPBGMY.ORG,",O",634,11,11,0,0,1,0,0,0,1,0,0,22.008,8,6,38.85,38.85,LEGIT
XOSOP.COM,",O",634,15,15,0,0,1,0,1,0,7,4,1,-2.736,6,0,12.95,12.95,LEGIT
MRDEUZ.COM,",O",634,18,18,0,0,1,1,1,0,2,3,1,5.984,12,0,12.95,12.95,LEGIT
NT.ARMY.MIL,",O",634,10,10,0,0,0,1,0,0,2,3,1,14.552,7,0,12.3,12.3,LEGIT
WVUTB.FRB,",O",634,16,16,0,0,1,0,0,0,1,3,1,40.896,10,0,31.08,31.08,LEGIT
TMA.COM,",O",634,20,20,0,0,1,1,0,1,1,2,0,17.736,7,4,38.85,38.85,LEGIT
VUHZRNB.COM,",O",634,10,10,0,0,0,1,1,0,1,3,0,43.856,18,0,12.95,12.95,LEGIT
BRZWCURTY.NET,",O",634,22,22,0,0,1,1,1,0,2,3,1,15.2,8,1,12.95,12.95,LEGIT
OBZCDHU.NET,",O",634,14,14,0,0,0,1,0,0,1,3,1,-12.824,19,0,12.95,12.95,LEGIT
TMA.COM,",O",634,8,8,0,0,1,1,1,0,1,2,0,-59.392,15,0,38.85,38.85,LEGIT
YAPGBPHWGJW.COM,",O",634,12,12,0,0,1,0,0,0,1,3,1,30.392,26,0,38.85,38.85,LEGIT
XOSOP.COM,",O",634,9,9,0,0,1,0,0,0,1,3,1,51.056,18,0,12.95,12.95,LEGIT
VUHZRNB.COM,",O",634,10,10,0,0,1,1,0,0,1,3,0,38.328,14,0,38.85,38.85,LEGIT
TMA.COM,",O",634,4,4,0,0,0,1,1,0,1,3,1,-28.344,7,4,49.95,49.95,LEGIT
UCGXNPTRMS.COM,",O",634,16,16,0,0,1,1,1,0,1,3,1,-10.176,11,0,25.9,25.9,LEGIT
TGRXNMB.NET,",O",634,22,22,0,0,0,1,1,0,2,3,1,-20.04,19,1,12.95,12.95,LEGIT
XZXDQOGHY.NET,",O",634,9,9,0,0,1,0,1,0,2,3,1,11.608,27,4,12.95,12.95,LEGIT
TMA.COM,",O",634,16,16,0,0,0,1,1,0,1,0,1,8.192,16,0,38.85,38.85,LEGIT
HKA.GOV,",O",634,19,19,0,0,1,1,1,0,1,3,1,-62.2,10,3,12.95,12.95,LEGIT
IQ.RR.COM,",O",634,15,15,0,0,0,1,1,0,1,2,1,13.208,7,6,38.85,38.85,LEGIT
VUHZRNB.COM,",O",634,12,12,0,0,0,1,1,0,2,2,0,45.856,9,0,38.85,38.85,LEGIT
BRZWCURTY.NET,",O",634,14,14,0,0,0,0,1,0,1,3,0,42.096,11,0,38.85,38.85,LEGIT
UUDWKQCPHWXBUNHG.COM,",O",634,17,18,0,0,0,1,1,0,1,3,1,-20.064,25,0,31.08,31.08,LEGIT
NUFKP.COM,",O",634,23,23,0,0,0,0,0,0,1,3,0,16.4,22,0,12.95,12.95,LEGIT
BRZWCURTY.NET,",O",634,22,22,0,0,1,1,1,0,2,3,1,15.2,8,1,12.95,12.95,LEGIT
XOSOP.COM,",O",634,13,13,0,0,1,1,1,0,1,3,0,13.0,9,2,12.95,12.95,LEGIT
DCTNXIFGYJMHLNLBK.COM,",O",634,14,14,0,0,0,1,0,0,2,3,0,19.568,21,0,12.95,12.95,LEGIT
XZXDQOGHY.NET,",O",634,17,17,0,0,1,1,0,0,1,2,0,2.232,9,2,49.95,49.95,LEGIT
XZXDQOGHY.NET,",O",634,13,13,0,0,0,1,1,0,2,1,1,-59.168,22,0,49.95,49.95,LEGIT
TMA.COM,",O",634,22,22,0,0,1,0,0,0,2,0,1,-17.376,9,9,38.85,38.85,LEGIT
TMA.COM,",O",634,13,13,0,0,1,1,0,0,1,3,0,28.032,6,0,11.01,11.01,LEGIT
TMA.COM,",O",634,14,14,0,0,0,0,0,0,1,3,1,-4.544,20,4,38.85,38.85,LEGIT
TMA.COM,",O",634,22,22,0,0,0,1,1,0,2,3,1,18.128,17,3,12.95,12.95,LEGIT
WTGI.ORG,",O",634,12,12,0,0,0,1,0,0,1,3,1,-9.24,7,4,49.95,49.95,LEGIT
VUHZRNB.COM,",O",634,10,10,0,0,1,0,0,0,1,3,1,39.304,10,1,12.95,12.95,LEGIT
YVMCDBPFPZ.NET,",O",634,20,20,0,0,0,0,0,0,2,3,0,-24.728,21,0,33.03,33.03,LEGIT
VUHZRNB.COM,",O",634,8,8,0,0,1,1,1,0,1,2,1,45.656,10,3,12.95,12.95,LEGIT
TMA.COM,",O",634,0,0,0,0,0,1,1,0,2,3,0,-121.536,11,2,12.95,12.95,LEGIT
BRZWCURTY.NET,",O",634,10,10,1,0,1,1,1,0,1,3,0,12.584,6,2,38.85,38.85,LEGIT
VUHZRNB.COM,",O",634,21,21,0,0,1,0,0,0,1,3,0,-5.408,19,4,12.95,12.95,LEGIT
IQ.RR.COM,",O",634,14,14,0,0,1,1,0,0,1,3,0,12.048,10,0,31.08,31.08,LEGIT
XOSOP.COM,",O",634,10,10,0,0,1,0,0,0,1,3,1,51.056,18,0,12.95,12.95,LEGIT
HVYJXUUMG.COM,",O",634,11,11,0,0,0,0,0,0,1,3,0,-46.808,25,0,12.95,12.95,LEGIT
WXDAMIKKF.COM,",O",634,10,10,0,0,0,0,0,0,1,3,1,29.168,16,0,49.95,49.95,LEGIT
NAHPRXE.COM,",O",634,23,23,0,0,0,1,1,0,1,3,1,-26.272,22,0,38.85,38.85,LEGIT
TMA.COM,",O",634,15,15,0,0,1,1,1,0,1,2,0,-8.232,8,0,12.95,12.95,FRAUD
VUHZRNB.COM,",O",634,17,17,0,0,0,1,1,0,1,3,0,40.368,20,0,12.95,12.95,LEGIT
XOSOP.COM,",O",634,22,22,1,0,0,0,0,0,1,3,0,41.512,22,0,12.95,12.95,LEGIT
HPQF.COM,",O",634,12,12,0,0,0,1,1,0,1,3,1,9.272,16,0,49.95,49.95,LEGIT
XZXDQOGHY.NET,",O",634,11,11,0,0,1,1,1,0,1,3,0,-8.272,25,0,12.95,12.95,LEGIT
YXAWJOOJ.COM,",O",634,14,14,0,0,1,1,1,0,1,3,0,25.52,6,0,33.03,33.03,LEGIT
XOSOP.COM,",O",634,13,13,0,0,0,1,1,0,1,1,0,36.288,19,0,12.95,12.95,LEGIT
BRZWCURTY.NET,",O",634,17,17,0,0,0,1,0,0,1,0,0,-90.6,28,0,49.95,49.95,LEGIT
XAMKVA.COM,",O",634,12,12,0,0,0,0,0,0,1,2,0,22.488,8,0,38.85,38.85,LEGIT
XOSOP.COM,",O",634,12,12,1,0,0,0,0,0,1,3,1,54.096,9,1,12.95,12.95,LEGIT
XOSOP.COM,",O",634,12,12,0,0,1,1,0,0,1,2,0,41.512,22,0,12.95,12.95,LEGIT
VLTSAEOVD.COM,",O",634,12,12,0,0,1,0,0,1,4,4,1,-16.128,6,0,12.95,12.95,LEGIT
DXUSMLBIBJY.COM,",O",634,9,9,0,0,1,1,1,0,1,4,0,-1.384,6,0,12.95,12.95,LEGIT
UGGLH.COM,",O",634,21,21,0,0,1,0,0,0,2,3,0,15.416,11,0,31.08,31.08,LEGIT
BRZWCURTY.NET,",O",634,11,11,0,0,1,0,0,0,1,3,0,28.528,12,0,39.96,39.96,LEGIT
XOSOP.COM,",O",634,12,12,1,0,1,1,1,0,1,2,1,1.576,17,0,10.36,10.36,LEGIT
KSEAAJP.COM,",O",634,12,12,0,0,0,0,1,0,1,2,0,2.64,6,0,12.95,12.95,LEGIT
VUHZRNB.COM,",O",634,19,19,0,0,0,1,1,0,1,1,0,35.224,21,1,11.65,11.65,LEGIT
BRZWCURTY.NET,",O",634,9,9,0,0,1,1,1,0,2,3,1,40.784,9,2,38.85,38.85,LEGIT
VUHZRNB.COM,",O",634,17,17,0,0,0,1,1,0,1,2,0,-28.056,20,1,38.85,38.85,LEGIT
TMA.COM,",O",634,17,17,0,0,0,0,0,0,1,3,1,7.696,13,0,38.85,38.85,LEGIT
XOSOP.COM,",O",634,16,16,0,0,1,1,1,0,2,3,1,23.872,7,0,38.85,38.85,LEGIT
BRZWCURTY.NET,",O",634,14,14,0,0,0,0,0,0,1,2,0,15.368,7,0,38.85,38.85,LEGIT
UUDWKQCPHWXBUNHG.COM,",O",634,18,18,0,0,0,1,1,0,1,3,1,-20.064,25,0,10.36,10.36,LEGIT
KYME.COM,",O",634,18,18,0,0,0,1,0,0,1,2,1,-47.928,12,0,12.95,12.95,LEGIT
YVUNAX.NET,",O",634,15,15,0,0,1,1,1,0,2,3,1,-59.952,10,0,38.85,38.85,LEGIT
XZXDQOGHY.NET,",O",634,9,9,0,0,1,1,1,1,2,1,0,2.12,18,0,10.36,10.36,LEGIT
TGRXNMB.NET,",O",634,12,12,1,0,1,1,1,0,1,2,0,6.544,8,2,11.01,11.01,LEGIT
YVMCDBPFPZ.NET,",O",634,13,13,1,0,1,0,0,0,2,3,1,35.016,8,0,12.95,12.95,LEGIT
PKPFFRD.COM,",O",634,21,21,0,0,0,1,1,0,1,0,0,19.448,16,0,49.95,49.95,LEGIT
QDFEWYJ.COM,",O",634,16,16,0,0,1,0,0,0,1,3,1,17.472,9,0,12.95,12.95,LEGIT
VUHZRNB.COM,",O",634,19,19,0,0,1,0,0,0,1,2,0,31.168,10,1,38.85,38.85,LEGIT
TMA.COM,",O",634,13,13,0,0,0,1,1,0,1,3,0,-44.8,16,0,38.85,38.85,LEGIT
BRZWCURTY.NET,",O",634,15,15,0,0,0,0,0,0,1,3,1,30.504,20,0,38.85,38.85,LEGIT
JNKVL.NET,",O",634,14,14,0,0,0,1,1,0,1,2,1,45.344,17,0,38.85,38.85,LEGIT
ZUB.NET,",O",634,10,10,0,0,0,1,1,0,1,3,0,-60.168,8,6,38.85,38.85,LEGIT
ISKWZGKG.NET,",O",634,18,18,0,0,0,0,0,0,2,3,0,34.736,18,0,12.95,12.95,LEGIT
VUHZRNB.COM,",O",634,12,12,0,0,0,1,1,0,1,1,0,35.224,21,1,12.95,12.95,LEGIT
XOSOP.COM,",O",634,14,14,0,0,1,1,1,0,2,3,0,52.904,10,2,12.95,12.95,LEGIT
VUHZRNB.COM,",O",634,0,0,0,0,0,1,1,0,2,2,1,32.712,9,4,25.9,25.9,LEGIT
TMA.COM,",O",634,11,11,0,0,0,1,1,0,2,2,1,15.384,18,1,12.95,12.95,LEGIT
MWPOLXKCHSZWCNGJ.COM,",O",634,21,21,0,0,1,1,1,0,1,2,0,1.352,7,0,38.85,38.85,LEGIT
XOSOP.COM,",O",634,13,13,0,0,1,1,0,0,1,3,0,-30.184,6,0,38.85,38.85,LEGIT
BRZWCURTY.NET,",O",634,23,23,1,0,0,0,0,0,1,3,0,40.888,27,0,12.95,12.95,LEGIT
POYKIFX.WUSTL,",O",634,10,10,0,0,1,1,1,0,1,2,0,7.808,9,3,38.85,38.85,FRAUD
CHMOJGKIJSKWFRCNWQ.COM,",O",634,18,18,0,0,1,0,0,0,1,3,0,10.816,27,0,20.72,20.72,LEGIT
DGOHFM.EDU,",O",634,22,22,0,0,0,1,1,0,1,0,0,-58.976,17,0,12.95,12.95,LEGIT
XOSOP.COM,",O",634,16,16,0,0,0,1,1,0,1,3,1,42.728,14,0,12.95,12.95,LEGIT
TCN.COM,",O",634,16,16,0,0,1,1,0,0,3,3,1,-44.704,6,0,11.65,11.65,LEGIT
MRDEUZ.COM,",O",634,14,14,1,0,0,0,0,0,1,3,1,24.088,17,0,12.95,12.95,LEGIT
BRZWCURTY.NET,",O",634,23,23,0,0,1,1,1,0,2,3,0,17.024,9,9,12.95,12.95,LEGIT
THMRZLLHJHL.COM,",O",634,14,14,0,0,0,1,1,0,1,3,0,-37.264,22,0,12.95,12.95,LEGIT
QUTQCLREWAEOWYK.COM,",O",634,17,17,0,0,0,0,0,0,1,1,1,-38.544,12,0,33.03,33.03,LEGIT
TGRXNMB.NET,",O",634,14,14,0,0,1,1,1,0,2,2,0,-28.36,19,0,12.95,12.95,LEGIT
UGGLH.COM,",O",634,11,11,0,0,1,0,1,0,2,2,1,26.592,12,0,38.85,38.85,LEGIT
XOSOP.COM,",O",634,17,17,0,0,0,0,0,0,1,3,1,57.056,11,2,38.85,38.85,LEGIT
XOSOP.COM,",O",634,14,14,0,0,0,1,0,0,1,4,0,56.776,7,0,12.95,12.95,LEGIT
XOSOP.COM,",O",634,11,11,0,0,1,0,0,0,1,3,1,-24.16,9,0,12.95,12.95,LEGIT
BRZWCURTY.NET,",O",634,21,21,1,0,1,0,0,0,1,2,1,24.672,9,9,12.95,12.95,LEGIT
VUHZRNB.COM,",O",634,18,18,0,0,0,1,1,0,1,1,0,35.224,21,1,11.65,11.65,LEGIT
TMA.COM,",O",634,21,21,1,0,0,1,1,0,3,3,1,-4.728,20,0,38.85,38.85,LEGIT
NEKSXUK.NET,",O",634,17,17,0,0,0,0,0,0,1,3,1,-27.84,19,0,12.95,12.95,LEGIT
BRZWCURTY.NET,",O",634,22,22,0,0,1,1,1,0,2,3,1,15.2,8,1,25.9,25.9,LEGIT
VUHZRNB.COM,",O",634,11,11,0,0,1,1,1,0,1,3,0,-25.12,19,0,38.85,38.85,LEGIT
TMA.COM,",O",634,18,18,0,0,1,0,0,0,1,2,1,32.848,9,9,38.85,38.85,LEGIT
XOSOP.COM,",O",634,16,16,0,0,0,1,1,0,1,3,1,4.656,20,0,49.95,49.95,LEGIT
VUHZRNB.COM,",O",634,21,21,0,0,1,0,0,0,1,3,1,17.496,9,9,12.95,12.95,LEGIT
XOSOP.COM,",O",634,10,10,1,0,1,1,0,0,1,0,1,36.768,8,2,12.95,12.95,LEGIT
VUHZRNB.COM,",O",634,8,8,0,0,1,0,0,0,1,3,0,-5.408,19,4,12.95,12.95,LEGIT
BISCRHEH.COM,",O",634,11,11,1,0,0,0,1,0,1,2,1,-31.96,18,0,38.85,38.85,LEGIT
YVMCDBPFPZ.NET,",O",634,19,19,0,0,0,1,0,0,1,3,1,-40.96,25,0,38.85,38.85,LEGIT
IQ.RR.COM,",O",634,13,13,0,0,1,0,0,0,1,2,0,24.04,8,3,12.95,12.95,LEGIT
BRZWCURTY.NET,",O",634,22,22,0,0,1,1,1,0,2,3,1,15.2,8,1,25.9,25.9,LEGIT
UGGLH.COM,",O",634,15,15,0,0,1,1,0,0,2,3,1,36.672,6,2,20.72,20.72,FRAUD
TGRXNMB.NET,",O",634,16,16,0,0,1,1,1,0,2,3,1,-37.728,19,0,38.85,38.85,LEGIT
XOSOP.COM,",O",634,19,19,0,0,0,0,0,0,1,2,0,61.392,22,4,12.95,12.95,LEGIT
BRZWCURTY.NET,",O",634,11,11,0,0,1,0,0,0,2,2,0,44.144,9,0,38.85,38.85,LEGIT
QPOEUKVZ.COM,",O",634,17,17,0,0,0,0,0,0,1,3,1,40.472,7,6,38.85,38.85,LEGIT
CHMOJGKIJSKWFRCNWQ.COM,",O",634,13,13,0,0,0,0,0,0,1,3,0,10.816,27,0,38.85,38.85,LEGIT
VUHZRNB.COM,",O",634,21,21,1,0,1,0,0,0,1,2,0,33.024,8,0,12.95,12.95,LEGIT
SKEAQVCA.K12,",O",634,14,14,0,0,1,0,0,0,1,3,0,19.832,11,0,12.95,12.95,LEGIT
XOSOP.COM,",O",634,11,11,0,0,1,1,1,0,2,3,0,14.288,9,0,38.85,38.85,LEGIT
TMA.COM,",O",634,21,21,0,0,0,1,0,0,2,2,1,-50.744,11,5,12.95,12.95,LEGIT
XZXDQOGHY.NET,",O",634,18,18,0,0,0,1,0,0,1,1,1,-5.384,22,1,38.85,38.85,LEGIT
XOSOP.COM,",O",634,20,20,0,0,0,1,1,0,1,2,1,-28.64,23,0,38.85,38.85,LEGIT
TMA.COM,",O",634,17,17,0,0,0,1,1,1,1,4,0,-33.544,7,0,38.85,38.85,LEGIT
NEKSXUK.NET,",O",634,14,14,0,0,1,0,0,0,1,0,0,-75.552,7,0,38.85,38.85,LEGIT
TGRXNMB.NET,",O",634,15,15,0,0,0,0,0,0,3,3,1,33.312,20,3,38.85,38.85,LEGIT
YXAWJOOJ.COM,",O",634,13,13,0,0,0,0,0,0,1,3,0,-39.488,22,0,25.9,25.9,LEGIT
TMA.COM,",O",634,21,21,0,0,0,1,1,0,1,3,0,-47.184,17,0,23.4,23.4,LEGIT
BRZWCURTY.NET,",O",634,9,9,0,0,1,1,1,0,1,3,1,27.912,9,9,10.36,10.36,LEGIT
XOSOP.COM,",O",634,19,19,0,0,1,1,1,0,1,2,1,-2.56,7,0,12.95,12.95,LEGIT
TMA.COM,",O",634,12,12,0,0,1,0,0,0,1,0,0,-51.72,7,0,12.95,12.95,LEGIT
TGRXNMB.NET,",O",634,22,22,0,0,0,1,0,0,2,3,1,19.168,18,0,36.9,36.9,LEGIT
TMA.COM,",O",634,20,20,0,0,0,1,0,0,2,3,1,2.488,15,4,49.95,49.95,LEGIT
XOSOP.COM,",O",634,12,12,0,0,1,0,0,0,1,3,1,51.056,18,0,12.95,12.95,LEGIT
XOSOP.COM,",O",634,22,22,0,0,1,1,1,0,1,2,0,-0.184,9,9,12.95,12.95,LEGIT
VUHZRNB.COM,",O",634,15,15,0,0,0,1,1,0,1,4,0,47.336,10,4,0.0,0.0,LEGIT
IQ.RR.COM,",O",634,17,17,0,0,0,1,1,0,1,3,0,9.704,17,0,38.85,38.85,LEGIT
XOSOP.COM,",O",634,11,11,0,0,1,0,0,0,1,3,0,32.912,9,0,12.95,12.95,LEGIT
TMA.COM,",O",634,17,17,0,0,1,1,0,0,1,1,0,-10.608,8,4,12.95,12.95,LEGIT
XOSOP.COM,",O",634,12,12,1,0,0,0,0,0,1,3,1,54.096,9,1,11.01,11.01,LEGIT
TGRXNMB.NET,",O",634,19,19,0,0,0,1,0,0,1,2,1,2.08,24,0,12.95,12.95,LEGIT
XOSOP.COM,",O",634,22,22,0,0,1,1,1,0,1,3,0,-38.664,7,0,12.95,12.95,LEGIT
VUHZRNB.COM,",O",634,23,23,0,0,1,1,1,0,1,3,1,-49.144,7,0,38.85,38.85,LEGIT
TGRXNMB.NET,",O",634,15,15,0,0,1,0,0,0,2,3,1,10.672,8,0,49.95,49.95,LEGIT
TMA.COM,",O",634,20,20,0,0,0,1,1,0,1,3,1,-93.128,14,0,49.95,49.95,LEGIT
VUHZRNB.COM,",O",634,8,8,0,0,1,0,1,0,1,1,1,43.496,9,0,33.03,33.03,LEGIT
ZYNNNN.NET,",O",634,13,13,0,0,1,0,1,0,1,2,0,-11.832,18,2,38.85,38.85,LEGIT
TCN.COM,",O",634,16,16,0,0,0,1,1,0,4,0,0,30.64,17,0,38.85,38.85,LEGIT
BRZWCURTY.NET,",O",634,11,11,0,0,1,0,0,0,1,3,1,-6.648,8,1,10.36,10.36,LEGIT
VUHZRNB.COM,",O",634,9,9,0,0,1,0,1,0,2,3,0,-6.96,12,0,38.85,38.85,LEGIT
KSEEMKKLVM.NET,",O",634,12,12,0,0,0,0,0,0,1,2,1,11.16,8,3,49.95,49.95,LEGIT
XOSOP.COM,",O",634,12,12,0,0,1,1,1,0,2,3,0,52.904,10,2,12.95,12.95,LEGIT
BRZWCURTY.NET,",O",634,20,20,0,0,1,1,1,0,2,3,1,15.2,8,1,38.85,38.85,LEGIT
VUHZRNB.COM,",O",634,15,15,1,0,1,0,0,0,1,0,0,33.024,8,0,12.95,12.95,LEGIT
BRZWCURTY.NET,",O",634,23,23,0,0,1,1,1,0,2,3,0,17.024,9,9,12.95,12.95,LEGIT
TMA.COM,",O",634,14,14,0,0,1,1,0,0,1,3,0,11.464,7,0,12.95,12.95,LEGIT
VKJYHJBJG.COM,",O",634,21,21,0,1,0,1,1,0,3,3,1,-30.992,17,0,12.95,12.95,LEGIT
VUHZRNB.COM,",O",634,14,14,0,0,0,1,1,0,1,2,1,-12.784,20,0,38.85,38.85,LEGIT
TCN.COM,",O",634,22,22,0,0,1,1,0,0,1,4,1,-53.456,10,10,12.95,12.95,LEGIT
XOSOP.COM,",O",634,15,15,0,0,1,0,1,0,2,3,0,22.312,12,0,12.95,12.95,LEGIT
XOSOP.COM,",O",634,13,13,0,0,0,1,0,0,1,2,0,43.48,18,0,11.65,11.65,LEGIT
EAYROLLTBU.COM,",O",634,15,15,0,0,1,0,0,0,1,0,0,-27.288,9,9,12.95,12.95,LEGIT
YVMCDBPFPZ.NET,",O",634,18,18,0,0,1,1,1,0,1,0,0,16.24,9,0,38.85,38.85,LEGIT
XZNWE.COM,",O",634,13,13,0,0,0,0,1,0,1,3,0,-2.648,17,0,12.95,12.95,LEGIT
TMA.COM,",O",634,9,9,0,0,0,0,0,0,1,3,1,-53.944,14,4,12.95,12.95,LEGIT
XOSOP.COM,",O",634,10,11,0,0,0,1,1,0,1,3,1,17.528,28,7,38.85,38.85,LEGIT
XKXQWYRPPVSGU.NET,",O",634,10,10,0,0,0,0,0,0,1,3,1,18.184,26,1,12.95,12.95,LEGIT
XOSOP.COM,",O",634,15,15,0,0,0,1,0,0,1,0,1,44.496,28,0,25.9,25.9,LEGIT
XOSOP.COM,",O",634,23,23,0,0,1,1,0,0,1,3,1,39.552,11,0,25.9,25.9,LEGIT
BRZWCURTY.NET,",O",634,8,8,0,0,0,0,1,0,2,2,1,44.592,11,1,12.95,12.95,LEGIT
VUHZRNB.COM,",O",634,12,12,0,0,0,1,0,0,1,3,1,51.016,24,3,38.85,38.85,LEGIT
XZXDQOGHY.NET,",O",634,13,13,0,0,1,1,0,0,3,0,0,-51.336,6,4,49.95,49.95,LEGIT
XOSOP.COM,",O",634,12,12,0,0,1,0,0,0,1,3,1,51.056,18,0,10.36,10.36,LEGIT
ONBAHZA.COM,",O",634,14,14,0,0,0,1,1,0,1,3,0,-5.824,21,0,12.95,12.95,LEGIT
XZXDQOGHY.NET,",O",634,14,14,0,0,0,0,0,0,2,1,0,-47.176,10,0,12.95,12.95,LEGIT
BRZWCURTY.NET,",O",634,15,15,0,0,0,0,0,0,1,0,1,-49.4,23,0,38.85,38.85,LEGIT
YVMCDBPFPZ.NET,",O",634,8,8,0,0,0,1,0,0,1,2,0,-35.936,24,6,12.95,12.95,LEGIT
XOSOP.COM,",O",634,20,20,1,0,1,0,0,0,1,2,1,44.408,9,9,11.01,11.01,LEGIT
FFZU.COM,",O",634,10,10,0,0,0,0,0,0,1,3,1,22.264,9,0,10.36,10.36,LEGIT
NT.ARMY.MIL,",O",634,10,10,0,0,1,0,0,1,1,1,0,-2.12,9,9,25.9,25.9,LEGIT
VUHZRNB.COM,",O",634,22,22,0,0,1,1,0,0,2,3,1,3.96,8,1,38.85,38.85,LEGIT
IQ.RR.COM,",O",634,18,18,0,0,1,0,0,0,1,3,0,-37.688,8,1,31.08,31.08,LEGIT
VUHZRNB.COM,",O",634,15,15,0,0,0,1,0,0,6,2,1,18.568,23,0,12.95,12.95,LEGIT
XOSOP.COM,",O",634,13,13,0,0,1,0,0,0,1,2,1,34.512,10,0,38.85,38.85,LEGIT
TMA.COM,",O",634,12,12,0,0,0,0,0,0,1,2,0,17.6,18,1,12.95,12.95,LEGIT
HAFWRCXBNIFTUS.COM,",O",634,13,13,0,0,1,1,1,0,3,3,1,8.416,9,9,12.95,12.95,LEGIT
ZUB.NET,",O",634,22,22,0,0,1,0,0,0,2,2,0,34.848,22,4,24.95,24.95,LEGIT
XOSOP.COM,",O",634,15,15,1,0,1,1,1,0,1,2,1,29.248,7,0,38.85,38.85,LEGIT
VUHZRNB.COM,",O",634,22,22,0,0,1,0,0,0,1,3,0,31.168,10,1,12.95,12.95,LEGIT
BRZWCURTY.NET,",O",634,8,8,0,0,1,0,0,0,1,3,0,-37.672,21,3,38.85,38.85,LEGIT
VNKRVDIOCIM.COM,",O",634,11,11,0,0,1,1,1,0,1,2,1,-13.336,9,1,38.85,38.85,LEGIT
XOSOP.COM,",O",634,10,10,0,0,1,1,1,0,1,2,0,-0.184,9,9,12.95,12.95,LEGIT
BKUPYGNBBBHPAWC.COM,",O",634,9,9,0,0,1,0,1,0,1,3,0,-44.312,10,4,12.95,12.95,LEGIT
VUHZRNB.COM,",O",634,20,20,1,0,0,0,0,0,1,3,0,47.528,26,0,25.9,25.9,LEGIT
VUHZRNB.COM,",O",634,11,11,0,0,0,0,0,0,1,3,0,33.416,19,0,38.85,38.85,LEGIT
TMA.COM,",O",634,20,20,0,0,1,0,0,0,1,3,1,50.208,18,2,10.36,10.36,LEGIT
TMA.COM,",O",634,19,19,0,0,1,0,0,0,1,1,1,-4.8,9,1,12.95,12.95,LEGIT
IQ.RR.COM,",O",634,22,22,0,0,1,0,0,0,1,2,1,-50.24,8,0,12.95,12.95,LEGIT
XOSOP.COM,",O",634,20,20,0,0,1,1,1,0,2,2,0,-10.968,23,0,25.9,25.9,LEGIT
TGRXNMB.NET,",O",634,18,18,0,0,0,0,0,0,1,3,0,-73.896,23,0,38.85,38.85,LEGIT
VUHZRNB.COM,",O",634,9,9,0,0,0,0,1,0,1,2,0,-21.608,8,0,38.85,38.85,LEGIT
TMA.COM,",O",634,13,13,0,0,1,0,0,0,2,2,1,-23.088,7,1,38.85,38.85,LEGIT
XOSOP.COM,",O",634,21,21,1,0,1,0,0,0,1,2,1,44.408,9,9,12.95,12.95,LEGIT
TCN.COM,",O",634,10,10,0,0,1,1,1,0,2,3,0,23.68,20,0,38.85,38.85,LEGIT
VUHZRNB.COM,",O",634,11,11,0,0,1,1,0,0,2,3,0,-35.808,9,9,31.08,31.08,LEGIT
VUHZRNB.COM,",O",634,14,14,1,0,0,0,1,0,1,3,0,48.408,24,0,38.85,38.85,LEGIT
XOSOP.COM,",O",634,15,15,0,0,1,1,1,0,1,3,0,13.712,8,0,12.95,12.95,LEGIT
BRZWCURTY.NET,",O",634,19,19,0,0,0,0,0,0,1,3,1,-24.976,23,4,38.85,38.85,LEGIT
XOSOP.COM,",O",634,20,20,0,0,1,1,1,0,2,2,0,-10.968,23,0,12.95,12.95,LEGIT
IQ.RR.COM,",O",634,13,13,0,0,1,1,0,0,1,3,0,12.048,10,0,38.85,38.85,LEGIT
AQ.NETCOM.COM,",O",634,0,0,0,0,0,1,0,0,1,3,0,-6.08,11,0,38.85,38.85,LEGIT
XOSOP.COM,",O",634,15,15,0,0,1,0,0,0,1,2,0,-5.192,9,9,12.95,12.95,LEGIT
TMA.COM,",O",634,7,7,0,0,1,1,0,0,2,3,1,13.888,17,3,34.95,34.95,LEGIT
TCN.COM,",O",634,20,20,0,0,0,1,0,0,1,3,0,-41.264,9,0,49.95,49.95,LEGIT
TMA.COM,",O",634,22,22,0,0,1,1,1,0,1,3,1,46.128,15,0,25.9,25.9,LEGIT
XOSOP.COM,",O",634,9,9,0,0,0,0,0,0,1,2,0,16.16,21,4,23.96,23.96,LEGIT
YXAWJOOJ.COM,",O",634,1,1,0,0,1,1,1,0,1,3,0,25.52,6,0,11.01,11.01,LEGIT
XOSOP.COM,",O",634,16,16,0,0,0,0,1,0,1,3,1,54.256,7,0,12.95,12.95,LEGIT
XOSOP.COM,",O",634,8,8,0,0,1,1,1,0,2,3,0,52.904,10,2,12.95,12.95,LEGIT
XOSOP.COM,",O",634,21,21,1,0,1,0,0,0,1,2,1,44.408,9,9,12.95,12.95,LEGIT
TMA.COM,",O",634,18,18,0,0,0,1,1,0,2,2,1,-49.624,11,0,12.95,12.95,LEGIT
KGAMJIMDX.EDU,",O",634,7,7,0,0,0,1,1,0,1,3,1,-10.888,19,0,12.95,12.95,LEGIT
XOSOP.COM,",O",634,10,10,0,0,0,1,0,0,2,2,0,39.224,20,0,25.9,25.9,LEGIT
XOSOP.COM,",O",634,13,13,0,0,1,1,0,0,2,3,0,31.592,9,4,12.95,12.95,LEGIT
GYLMNHQ.NET,",O",634,8,8,0,0,0,1,1,0,1,2,1,-44.872,21,3,12.95,12.95,LEGIT
TMA.COM,",O",634,12,12,0,0,0,1,1,0,1,3,0,3.856,18,3,12.95,12.95,LEGIT
TMA.COM,",O",634,17,17,0,0,0,1,1,0,1,3,0,29.96,13,2,38.85,38.85,LEGIT
XOSOP.COM,",O",634,13,13,0,0,0,1,0,0,1,3,1,23.096,20,4,59.4,59.4,LEGIT
LWFXZJNGWFIUJPKJ.COM,",O",634,13,13,0,0,0,1,0,0,1,3,1,29.472,12,2,38.85,38.85,LEGIT
ACYTF.COM,",O",634,9,9,1,0,0,0,0,0,1,3,0,59.464,23,0,59.4,59.4,LEGIT
UGGLH.COM,",O",634,16,16,0,0,1,1,0,0,2,3,1,36.672,6,2,10.36,10.36,LEGIT
BRZWCURTY.NET,",O",634,19,19,0,0,0,1,0,0,1,2,0,11.576,24,2,12.95,12.95,LEGIT
UGGLH.COM,",O",634,18,18,0,0,0,0,0,0,1,3,0,60.776,19,0,38.85,38.85,LEGIT
TGRXNMB.NET,",O",634,19,19,1,0,0,1,0,0,1,3,0,-10.096,19,4,49.95,49.95,LEGIT
TMA.COM,",O",634,15,15,0,0,1,0,0,0,2,3,0,-12.136,10,0,12.95,12.95,LEGIT
NOKHJ.COM,",O",634,14,14,0,0,0,0,0,0,1,3,0,36.4,16,0,25.9,25.9,LEGIT
VUHZRNB.COM,",O",634,9,9,0,0,0,0,0,0,2,3,0,45.888,8,0,12.95,12.95,LEGIT
BRZWCURTY.NET,",O",634,10,10,0,0,1,1,1,0,1,2,1,43.064,10,10,12.95,12.95,LEGIT
KUBS.COM,",O",634,12,12,0,0,1,0,1,0,1,3,1,26.48,14,0,12.95,12.95,LEGIT
VUHZRNB.COM,",O",634,16,16,0,0,1,1,1,0,2,3,0,-50.32,7,0,11.65,11.65,LEGIT
TMA.COM,",O",634,20,20,0,0,0,1,0,0,1,3,0,28.032,6,0,49.95,49.95,LEGIT
VUHZRNB.COM,",O",634,17,17,0,0,1,0,0,0,2,3,0,45.888,8,0,38.85,38.85,LEGIT
YAZOUGVRHK.COM,",O",634,9,9,0,0,1,0,0,0,1,2,0,-20.968,18,0,38.85,38.85,LEGIT
MBFTZWJL.COM,",O",634,10,10,0,0,1,1,0,0,1,3,0,44.848,20,0,12.95,12.95,LEGIT
XOSOP.COM,",O",634,9,9,0,0,1,1,1,0,2,3,0,52.904,10,2,12.95,12.95,LEGIT
BRZWCURTY.NET,",O",634,19,19,0,0,0,1,1,0,1,2,1,22.4,20,0,12.95,12.95,LEGIT
TMA.COM,",O",634,13,13,0,0,1,0,0,1,1,0,0,-38.136,9,9,38.85,38.85,LEGIT
VUHZRNB.COM,",O",634,10,10,0,0,1,0,0,0,1,2,0,7.272,9,9,38.85,38.85,LEGIT
XZXDQOGHY.NET,",O",634,14,14,0,0,1,0,1,0,2,3,1,11.608,27,4,12.95,12.95,LEGIT
XOSOP.COM,",O",634,12,12,0,0,0,0,0,0,1,1,0,16.12,17,2,38.85,38.85,LEGIT
XOSOP.COM,",O",634,12,12,0,0,1,1,0,0,1,2,1,47.184,23,0,12.95,12.95,LEGIT
VUHZRNB.COM,",O",634,6,6,0,0,1,0,0,0,1,2,0,7.272,9,9,12.95,12.95,LEGIT
XOSOP.COM,",O",634,13,13,1,0,1,0,1,0,1,3,1,50.912,25,5,10.36,10.36,LEGIT
TMA.COM,",O",634,18,18,0,0,0,1,0,0,1,2,1,-7.848,15,2,49.95,49.95,LEGIT
VUHZRNB.COM,",O",634,20,20,0,0,1,1,1,0,1,3,0,-7.816,6,1,10.36,10.36,LEGIT
VUHZRNB.COM,",O",634,14,14,0,0,1,0,1,0,2,3,1,25.496,6,3,12.95,12.95,LEGIT
TMA.COM,",O",634,3,3,0,0,0,1,1,0,1,0,0,-48.12,20,0,38.85,38.85,LEGIT
NEKSXUK.NET,",O",634,20,20,0,0,0,0,1,0,2,3,0,34.056,10,0,38.85,38.85,LEGIT
XZXDQOGHY.NET,",O",634,18,18,0,0,1,0,1,0,1,3,0,39.792,6,0,12.95,12.95,LEGIT
XOSOP.COM,",O",634,13,13,0,0,0,1,1,0,1,3,1,37.776,15,0,38.85,38.85,LEGIT
UGGLH.COM,",O",634,12,12,0,0,0,0,0,0,1,2,0,16.24,16,3,12.95,12.95,LEGIT
OEOXHGDSZ.COM,",O",634,22,22,0,0,0,1,1,0,1,2,1,-33.952,21,0,49.95,49.95,LEGIT
VUHZRNB.COM,",O",634,15,15,0,0,1,1,0,0,1,2,0,27.368,8,0,12.95,12.95,LEGIT
XOSOP.COM,",O",634,21,21,0,0,1,1,1,0,2,3,0,52.904,10,2,12.95,12.95,LEGIT
IQ.RR.COM,",O",634,13,13,0,0,0,0,1,0,1,3,1,-39.704,16,0,49.95,49.95,LEGIT
XOSOP.COM,",O",634,11,11,0,0,1,0,1,0,7,4,1,-2.736,6,0,12.95,12.95,LEGIT
VUHZRNB.COM,",O",634,20,20,0,0,0,1,0,0,1,3,1,34.096,21,0,12.95,12.95,LEGIT
TMA.COM,",O",634,20,21,0,0,0,1,1,0,1,3,1,-63.408,14,2,38.85,38.85,LEGIT
YXAWJOOJ.COM,",O",634,22,22,0,0,1,0,0,0,4,3,1,6.968,9,9,34.95,34.95,LEGIT
VUHZRNB.COM,",O",634,0,0,0,0,1,1,1,0,1,3,0,-7.816,6,1,31.08,31.08,LEGIT
HPQF.COM,",O",634,19,19,0,0,1,1,1,0,2,3,1,27.912,7,4,38.85,38.85,LEGIT
XZXDQOGHY.NET,",O",634,11,11,0,0,1,1,1,0,1,3,0,-8.272,25,0,12.95,12.95,LEGIT
ISKWZGKG.NET,",O",634,18,18,0,0,0,0,0,0,2,3,1,35.104,19,1,12.95,12.95,LEGIT
TMA.COM,",O",634,12,12,0,0,1,1,1,0,1,3,0,-18.144,15,2,38.85,38.85,LEGIT
YVMCDBPFPZ.NET,",O",634,16,16,0,0,1,1,1,0,1,0,0,16.24,9,0,38.85,38.85,LEGIT
BRZWCURTY.NET,",O",634,10,10,0,0,1,1,0,0,1,3,0,14.088,23,0,12.95,12.95,LEGIT
TMA.COM,",O",634,10,10,0,0,0,1,0,0,1,3,1,17.864,14,1,12.95,12.95,LEGIT
JRJRRWC.COM,",O",634,11,11,0,0,0,0,0,0,2,3,0,-21.072,20,0,38.85,38.85,LEGIT
XOSOP.COM,",O",634,9,9,0,0,0,0,1,0,1,3,0,21.944,23,0,38.85,38.85,LEGIT
OBZCDHU.NET,",O",634,20,20,0,0,1,1,0,0,1,3,1,-12.824,19,0,38.85,38.85,LEGIT
YVMCDBPFPZ.NET,",O",634,12,12,0,0,1,1,1,0,1,0,0,16.24,9,0,38.85,38.85,LEGIT
ZUB.NET,",O",634,13,13,0,0,0,0,0,0,2,3,1,-1.144,17,0,38.85,38.85,LEGIT
TMA.COM,",O",634,17,17,0,0,0,0,0,0,1,3,1,13.944,19,1,12.95,12.95,LEGIT
ZUB.NET,",O",634,16,15,1,0,1,1,0,0,1,3,1,-0.808,7,0,12.95,12.95,LEGIT
TMA.COM,",O",634,13,13,0,0,0,1,0,0,1,2,0,38.672,17,4,12.95,12.95,FRAUD
XZXDQOGHY.NET,",O",634,23,23,0,0,1,0,1,0,1,0,0,21.4,6,0,12.95,12.95,LEGIT
VVRI.NET,",O",634,2,2,0,0,0,0,0,0,1,3,0,7.032,22,0,12.95,12.95,LEGIT
VUHZRNB.COM,",O",634,14,14,0,0,0,1,0,0,2,3,1,-12.792,18,0,12.95,12.95,LEGIT
VKJYHJBJG.COM,",O",634,6,6,0,0,0,0,0,0,1,4,1,36.944,10,0,38.85,38.85,LEGIT
NAHPRXE.COM,",O",634,19,19,0,0,0,1,1,0,3,2,1,37.792,8,0,38.85,38.85,LEGIT
VUHZRNB.COM,",O",634,2,2,0,0,0,1,1,0,1,2,1,37.592,7,1,38.85,38.85,LEGIT
BRZWCURTY.NET,",O",634,23,23,0,0,0,0,0,0,1,3,0,-59.576,24,0,49.95,49.95,LEGIT
TCN.COM,",O",634,9,9,0,0,1,0,0,0,1,2,1,31.328,8,2,12.95,12.95,LEGIT
NBIXNNEOOMAC.NET,",O",634,11,11,0,0,0,0,1,0,1,2,1,21.376,14,0,49.95,49.95,LEGIT
UCGXNPTRMS.COM,",O",634,8,8,0,0,1,1,1,0,1,3,1,-10.176,11,0,12.95,12.95,LEGIT
VUHZRNB.COM,",O",634,16,16,0,0,1,1,1,0,1,3,0,-7.816,6,1,10.36,10.36,LEGIT
VUHZRNB.COM,",O",634,15,15,0,0,1,1,0,0,1,2,0,27.368,8,0,12.95,12.95,LEGIT
YVMCDBPFPZ.NET,",O",634,11,11,0,0,1,1,1,0,1,0,0,16.24,9,0,38.85,38.85,LEGIT
ACYTF.COM,",O",634,17,17,0,0,0,1,0,0,1,3,0,8.896,23,4,59.4,59.4,LEGIT
NHG.COM,",O",634,13,13,1,0,1,0,0,0,1,3,0,6.288,8,1,39.96,39.96,LEGIT
SKEAQVCA.K12,",O",634,9,9,0,0,1,0,0,0,1,2,0,19.832,11,0,12.95,12.95,LEGIT
TGRXNMB.NET,",O",634,18,18,0,0,0,0,0,0,1,3,0,-73.896,23,0,12.95,12.95,LEGIT
TMA.COM,",O",634,11,11,0,0,1,1,1,0,1,0,0,29.96,13,2,59.4,59.4,LEGIT
TCN.COM,",O",634,9,9,1,0,1,0,0,0,1,3,0,43.04,11,0,31.08,31.08,LEGIT
ZX.IBM.COM,",O",634,15,15,0,0,1,0,0,0,1,3,1,-6.4,10,0,38.85,38.85,LEGIT
VUHZRNB.COM,",O",634,20,20,0,0,1,1,1,0,1,3,1,5.968,22,2,38.85,38.85,LEGIT
ACYTF.COM,",O",634,15,15,0,0,1,0,1,0,1,3,0,49.144,6,1,31.08,31.08,LEGIT
BRZWCURTY.NET,",O",634,13,13,0,1,1,1,1,0,1,0,0,8.704,7,1,12.95,12.95,LEGIT
XOSOP.COM,",O",634,6,6,0,0,1,1,1,0,2,0,0,10.52,19,2,25.9,25.9,LEGIT
TCN.COM,",O",634,3,3,1,0,0,1,0,0,1,3,0,31.048,17,0,12.95,12.95,LEGIT
VKQQROPTO.NET,",O",634,10,10,0,0,1,1,0,0,2,3,0,21.096,6,0,31.08,31.08,LEGIT
XZXDQOGHY.NET,",O",634,10,10,0,0,1,0,1,0,2,2,1,11.608,27,4,12.95,12.95,LEGIT
PCLDWVOW.COM,",O",634,7,7,0,0,0,1,1,0,1,3,1,51.384,28,0,49.95,49.95,LEGIT
LBGKMRLUR.MISSOURI,",O",634,21,21,0,0,1,1,0,0,1,2,1,-40.904,8,3,38.85,38.85,LEGIT
MZFJQE.COM,",O",634,9,9,0,0,1,1,0,0,2,3,0,27.64,8,4,38.85,38.85,LEGIT
XZXDQOGHY.NET,",O",634,16,16,0,0,1,0,1,0,2,3,1,11.608,27,4,12.95,12.95,LEGIT
FTHXNCTFNBA.COM,",O",634,12,12,0,0,1,0,0,0,1,2,0,-4.576,7,4,10.36,10.36,LEGIT
BRZWCURTY.NET,",O",634,10,10,0,0,1,1,0,0,1,3,0,14.088,23,0,11.01,11.01,LEGIT
XOSOP.COM,",O",634,21,21,1,0,1,1,0,0,1,2,0,27.488,20,4,38.85,38.85,LEGIT
VUHZRNB.COM,",O",634,19,19,0,0,0,0,0,0,1,2,1,42.952,26,2,12.95,12.95,LEGIT
VUHZRNB.COM,",O",634,23,23,0,0,1,1,1,0,1,3,0,-7.816,6,1,10.36,10.36,LEGIT
XOSOP.COM,",O",634,7,7,0,0,1,1,1,0,2,3,0,52.904,10,2,12.95,12.95,LEGIT
XOSOP.COM,",O",634,11,11,0,0,1,1,1,0,1,2,0,23.848,13,4,38.85,38.85,LEGIT
BRZWCURTY.NET,",O",634,18,18,0,0,1,0,0,0,1,1,0,-40.112,8,0,25.9,25.9,LEGIT
EAYROLLTBU.COM,",O",634,22,22,0,0,1,0,0,0,1,3,1,-35.696,8,0,38.85,38.85,LEGIT
BRZWCURTY.NET,",O",634,10,10,0,0,1,1,0,0,1,3,0,14.088,23,0,12.95,12.95,LEGIT
NQZUXBJ.COM,",O",634,21,20,0,0,1,0,0,0,1,3,0,-117.88,20,2,12.95,12.95,LEGIT
VUHZRNB.COM,",O",634,18,18,0,0,0,1,1,0,1,3,1,12.808,12,2,49.95,49.95,LEGIT
ZUB.NET,",O",634,23,23,0,0,0,1,1,0,1,0,1,26.408,15,0,12.95,12.95,LEGIT
BRZWCURTY.NET,",O",634,21,21,0,0,1,1,1,0,2,3,1,15.2,8,1,12.95,12.95,LEGIT
VKQQROPTO.NET,",O",634,13,13,0,0,1,0,0,0,2,3,1,-10.24,6,0,31.08,31.08,LEGIT
VUHZRNB.COM,",O",634,16,16,0,0,1,1,1,0,1,2,0,-7.816,6,1,20.72,20.72,LEGIT
TMA.COM,",O",634,21,21,0,0,0,1,0,0,1,3,0,-17.984,8,4,12.95,12.95,LEGIT
BRZWCURTY.NET,",O",634,15,15,0,0,0,1,0,0,1,3,0,27.112,21,2,38.85,38.85,LEGIT
XOSOP.COM,",O",634,15,15,0,0,1,1,1,0,2,3,0,52.904,10,2,12.95,12.95,LEGIT
XOSOP.COM,",O",634,16,16,0,0,0,1,1,1,1,4,1,31.544,9,9,38.85,38.85,LEGIT
VUHZRNB.COM,",O",634,9,9,0,0,1,0,0,0,1,3,1,27.816,24,1,12.95,12.95,LEGIT
VUHZRNB.COM,",O",634,18,18,0,0,0,1,1,0,1,3,1,59.696,22,0,38.85,38.85,LEGIT
TMA.COM,",O",634,11,10,0,0,0,1,1,0,1,2,1,44.056,24,4,12.95,12.95,LEGIT
XOSOP.COM,",O",634,17,17,0,0,1,0,0,0,1,3,1,-31.104,20,0,12.95,12.95,LEGIT
TMA.COM,",O",634,22,22,0,0,0,1,1,0,1,3,0,1.672,19,0,38.85,38.85,LEGIT
VUHZRNB.COM,",O",634,18,18,0,0,1,0,0,0,1,3,0,31.168,10,1,12.95,12.95,LEGIT
TXMLDSE.COM,",O",634,17,17,0,0,1,1,0,0,2,3,0,-28.208,6,0,38.85,38.85,LEGIT
VUHZRNB.COM,",O",634,13,13,0,0,1,1,1,0,2,3,1,42.472,24,0,12.95,12.95,LEGIT
TMA.COM,",O",634,21,21,0,0,0,1,1,0,1,2,0,-3.52,15,0,12.95,12.95,LEGIT
KSZA.NET,",O",634,10,9,0,0,1,0,0,0,1,3,1,-69.864,7,0,12.95,12.95,LEGIT
MRDEUZ.COM,",O",634,14,14,1,0,0,0,0,0,1,3,1,24.088,17,0,12.95,12.95,LEGIT
BRZWCURTY.NET,",O",634,10,10,1,0,0,0,0,0,1,3,1,-22.64,9,1,25.9,25.9,LEGIT
XOSOP.COM,",O",634,16,16,0,0,0,1,1,0,1,3,1,24.952,7,0,38.85,38.85,LEGIT
XOSOP.COM,",O",634,21,21,0,0,0,1,1,0,2,1,1,9.688,7,2,38.85,38.85,LEGIT
ZXBYAQ.ORG,",O",634,2,2,0,0,0,0,0,0,1,3,0,36.328,16,0,38.85,38.85,LEGIT
XOSOP.COM,",O",634,10,10,0,0,1,1,0,0,1,3,0,-30.184,6,0,38.85,38.85,LEGIT
JWWAG.NET,",O",634,0,0,1,0,1,0,1,0,1,3,0,22.16,7,0,38.85,38.85,LEGIT
TMA.COM,",O",634,18,18,0,0,1,1,0,0,1,3,1,-13.472,12,0,12.95,12.95,LEGIT
IQ.RR.COM,",O",634,17,17,1,0,1,0,0,0,1,0,1,17.896,11,0,12.95,12.95,LEGIT
TMA.COM,",O",634,22,22,0,0,0,0,0,0,1,3,1,12.024,18,1,12.95,12.95,LEGIT
MHLFBI.RR.COM,",O",634,21,21,0,0,1,1,1,0,1,3,0,14.36,7,0,38.85,38.85,LEGIT
XOSOP.COM,",O",634,9,9,0,0,1,0,0,0,1,3,1,51.056,18,0,12.95,12.95,LEGIT
AQ.NETCOM.COM,",O",634,9,9,0,0,1,0,0,0,1,1,0,40.248,6,0,31.08,31.08,LEGIT
YVMCDBPFPZ.NET,",O",634,21,21,0,0,0,0,0,0,1,1,0,-3.328,25,0,38.85,38.85,LEGIT
JNKVL.NET,",O",634,17,17,0,0,0,1,1,0,1,2,0,-48.8,12,0,38.85,38.85,LEGIT
JCMLBYPQQG.COM,",O",634,16,16,0,0,0,1,1,0,1,3,1,-61.76,17,0,38.85,38.85,LEGIT
VUHZRNB.COM,",O",634,0,0,0,0,1,0,0,0,1,3,0,-33.616,6,0,38.85,38.85,LEGIT
TMA.COM,",O",634,10,10,0,0,0,0,0,0,2,2,0,10.096,13,0,38.85,38.85,LEGIT
TGRXNMB.NET,",O",634,22,22,0,0,0,1,0,0,2,3,0,23.312,6,0,36.9,36.9,LEGIT
TMA.COM,",O",634,21,21,0,0,1,0,0,0,1,4,1,37.496,9,1,38.85,38.85,LEGIT
JRJRRWC.COM,",O",634,15,15,0,0,0,0,0,0,1,3,0,39.664,9,2,25.9,25.9,LEGIT
VUHZRNB.COM,",O",634,17,17,0,0,0,0,0,0,1,3,1,-44.464,20,3,38.85,38.85,LEGIT
GCUXVRO.NET,",O",634,12,12,0,0,1,0,0,0,1,2,1,-51.2,8,1,12.95,12.95,LEGIT
XZXDQOGHY.NET,",O",634,23,23,0,0,1,1,1,1,2,0,0,2.12,18,0,25.9,25.9,LEGIT
YAZOUGVRHK.COM,",O",634,22,22,0,0,1,0,0,0,1,2,0,-20.968,18,0,38.85,38.85,LEGIT
BRZWCURTY.NET,",O",634,20,20,0,0,1,1,1,0,2,3,0,17.024,9,9,12.95,12.95,LEGIT
XOSOP.COM,",O",634,15,15,1,0,1,0,0,0,1,2,1,44.408,9,9,12.95,12.95,LEGIT
XZXDQOGHY.NET,",O",634,22,22,0,0,0,0,0,0,1,3,1,-3.368,25,4,12.95,12.95,LEGIT
TMA.COM,",O",634,11,11,0,1,0,0,0,0,1,0,1,-24.792,22,0,38.85,38.85,LEGIT
NT.ARMY.MIL,",O",634,10,10,0,0,0,1,0,0,2,3,0,11.416,24,0,12.3,12.3,LEGIT
VUHZRNB.COM,",O",634,16,16,0,0,1,1,0,0,1,2,0,27.368,8,0,12.95,12.95,LEGIT
SSBEOQI.COM,",O",634,22,22,0,0,1,0,1,0,1,2,1,39.832,19,0,38.85,38.85,LEGIT
YXAWJOOJ.COM,",O",634,13,13,0,0,1,1,1,0,1,3,0,25.52,6,0,11.01,11.01,LEGIT
VUHZRNB.COM,",O",634,15,15,0,0,0,1,0,0,1,4,0,-6.736,7,2,38.85,38.85,LEGIT
TMA.COM,",O",634,17,17,0,0,1,1,1,0,3,3,1,37.928,8,1,38.85,38.85,LEGIT
XOSOP.COM,",O",634,10,10,0,0,1,1,1,0,1,3,0,-9.52,10,0,38.85,38.85,LEGIT
BRZWCURTY.NET,",O",634,22,22,0,0,1,1,1,0,2,3,1,15.2,8,1,12.95,12.95,LEGIT
VUHZRNB.COM,",O",634,15,15,1,0,0,0,0,0,1,2,1,49.512,27,0,38.85,38.85,LEGIT
TMA.COM,",O",634,12,12,0,0,0,0,0,0,1,0,0,-51.72,7,0,12.95,12.95,LEGIT
XOSOP.COM,",O",634,16,16,0,0,1,0,0,0,2,3,0,22.792,11,0,25.9,25.9,LEGIT
TCN.COM,",O",634,12,12,0,0,1,1,1,0,4,3,0,30.64,17,0,25.9,25.9,LEGIT
BRZWCURTY.NET,",O",634,8,8,0,0,0,0,0,0,1,3,0,-64.328,21,0,12.95,12.95,LEGIT
BRZWCURTY.NET,",O",634,20,20,0,0,1,1,0,0,1,3,0,14.088,23,0,12.95,12.95,LEGIT
TMA.COM,",O",634,19,19,0,0,1,0,1,0,1,3,0,11.32,13,0,49.95,49.95,LEGIT
NEKSXUK.NET,",O",634,17,17,0,0,0,1,1,0,1,3,0,38.824,9,0,44.85,44.85,LEGIT
ACYTF.COM,",O",634,10,10,0,0,0,1,0,0,1,3,0,40.808,18,2,12.95,12.95,LEGIT
XOSOP.COM,",O",634,15,15,0,0,0,0,0,0,1,3,0,9.872,19,0,12.95,12.95,LEGIT
JQVLBGZOJERMHKAIS.COM,",O",634,13,13,0,0,0,1,1,0,4,3,0,56.12,9,4,38.85,38.85,LEGIT
VUHZRNB.COM,",O",634,15,15,0,0,1,0,0,0,2,3,1,30.472,11,0,12.95,12.95,LEGIT
TMA.COM,",O",634,23,23,1,0,0,1,1,0,1,4,1,45.312,9,0,12.95,12.95,LEGIT
TGRXNMB.NET,",O",634,8,8,0,0,1,1,0,0,1,3,0,-1.336,9,9,38.85,38.85,LEGIT
MBFTZWJL.COM,",O",634,22,22,0,0,1,1,0,0,1,3,0,44.848,20,0,25.9,25.9,LEGIT
YAPGBPHWGJW.COM,",O",634,22,22,0,0,1,0,0,0,1,3,1,30.392,26,0,38.85,38.85,LEGIT
YVMCDBPFPZ.NET,",O",634,12,12,0,0,1,1,1,0,1,0,0,16.24,9,0,38.85,38.85,LEGIT
BRZWCURTY.NET,",O",634,22,22,0,0,0,0,0,0,1,3,0,6.84,22,0,38.85,38.85,LEGIT
YXJY.MO,",O",634,15,15,0,0,1,0,0,0,1,2,0,16.104,13,2,31.08,31.08,LEGIT
NAHPRXE.COM,",O",634,8,8,1,0,0,1,0,0,1,2,0,-38.912,18,0,49.95,49.95,LEGIT
NEKSXUK.NET,",O",634,11,12,0,0,0,1,0,0,1,3,1,-5.056,21,1,34.95,34.95,LEGIT
ZUB.NET,",O",634,10,10,0,0,0,1,0,0,1,3,0,-22.952,19,0,38.85,38.85,LEGIT
TMA.COM,",O",634,9,9,0,0,1,0,0,1,1,0,0,-38.136,9,9,12.95,12.95,LEGIT
OHDKD.COM,",O",634,9,9,0,0,1,1,0,0,2,4,0,-5.032,8,2,12.95,12.95,LEGIT
IQ.RR.COM,",O",634,14,14,0,0,1,1,1,0,1,3,0,11.32,10,0,10.36,10.36,LEGIT
XOSOP.COM,",O",634,22,22,0,0,1,1,1,0,1,2,0,-0.184,9,9,12.95,12.95,LEGIT
TCN.COM,",O",634,18,18,0,0,0,0,1,0,1,3,0,-7.056,22,4,38.85,38.85,LEGIT
IQ.RR.COM,",O",634,9,9,0,0,1,1,0,0,1,3,0,14.104,8,0,12.95,12.95,LEGIT
XOSOP.COM,",O",634,17,17,0,0,0,1,0,0,1,3,0,-7.696,6,0,12.95,12.95,LEGIT
XOSOP.COM,",O",634,18,18,0,0,0,1,1,0,2,2,0,-10.968,23,0,49.95,49.95,LEGIT
TMA.COM,",O",634,22,22,0,0,0,1,1,0,1,3,1,-31.128,14,4,25.9,25.9,LEGIT
BRZWCURTY.NET,",O",634,10,10,1,0,0,0,0,0,1,3,1,-22.64,9,1,12.95,12.95,LEGIT
TJOQD.COM,",O",634,8,8,0,0,1,0,1,0,1,3,1,36.088,14,0,12.95,12.95,LEGIT
VUHZRNB.COM,",O",634,12,12,0,0,0,0,0,0,1,3,1,3.384,24,3,12.95,12.95,LEGIT
XOSOP.COM,",O",634,15,15,0,0,1,1,0,0,1,3,0,11.144,8,0,25.9,25.9,LEGIT
QZQGJNOH.ATT.NET,",O",634,9,9,1,0,1,0,0,0,1,0,0,11.912,9,9,38.85,38.85,LEGIT
TMA.COM,",O",634,15,15,0,0,1,1,1,0,5,3,1,-58.944,9,9,12.95,12.95,LEGIT
TGRXNMB.NET,",O",634,20,20,0,0,0,1,1,0,2,2,0,-28.36,19,0,12.95,12.95,LEGIT
VUHZRNB.COM,",O",634,9,9,0,0,1,0,0,0,2,2,0,24.44,8,0,49.95,49.95,LEGIT
BRZWCURTY.NET,",O",634,23,23,0,0,1,1,1,0,2,3,0,17.024,9,9,38.85,38.85,LEGIT
VUHZRNB.COM,",O",634,17,17,0,0,1,0,0,0,1,3,0,17.768,19,0,23.31,23.31,LEGIT
XQGSZ.COM,",O",634,22,22,0,0,0,0,0,0,1,3,0,-23.208,20,0,12.95,12.95,LEGIT
XOSOP.COM,",O",634,23,23,0,0,1,1,0,0,1,3,1,39.552,11,0,12.95,12.95,LEGIT
TCN.COM,",O",634,13,13,0,0,0,0,0,0,3,3,0,-30.0,22,0,11.65,11.65,LEGIT
NAHPRXE.COM,",O",634,9,9,0,0,0,1,1,0,3,2,0,23.76,20,0,38.85,38.85,LEGIT
NAEUT.GOV,",O",634,8,8,0,0,0,0,1,0,1,2,1,3.592,20,0,12.95,12.95,LEGIT
HDYMYKS.COM,",O",634,12,12,0,0,1,1,1,0,1,0,1,-23.0,8,3,38.85,38.85,LEGIT
TMA.COM,",O",634,14,14,0,0,0,1,1,0,3,3,1,40.904,10,4,12.95,12.95,LEGIT
XOSOP.COM,",O",634,8,8,0,0,0,0,0,0,1,2,0,16.16,21,4,11.01,11.01,LEGIT
VNKRVDIOCIM.COM,",O",634,16,16,0,0,1,1,1,0,1,2,1,-13.336,9,1,38.85,38.85,LEGIT
BRZWCURTY.NET,",O",634,14,14,0,0,1,1,1,0,1,3,1,12.024,24,2,38.85,38.85,LEGIT
VUHZRNB.COM,",O",634,17,17,0,0,0,1,1,0,1,3,0,21.032,8,0,38.85,38.85,LEGIT
TCN.COM,",O",634,11,11,0,0,0,1,1,0,2,3,0,-2.664,7,3,38.85,38.85,LEGIT
XOSOP.COM,",O",634,10,10,1,0,1,1,0,0,1,2,0,-21.432,19,2,38.85,38.85,LEGIT
HBKKDFB.ORG,",O",634,10,10,0,0,0,0,0,0,1,2,1,35.776,17,0,25.9,25.9,LEGIT
GCUXVRO.NET,",O",634,12,12,0,0,0,0,0,0,1,0,0,-37.728,21,0,12.95,12.95,LEGIT
BRZWCURTY.NET,",O",634,15,15,0,0,1,0,0,0,1,3,1,-9.704,9,9,25.9,25.9,LEGIT
TMA.COM,",O",634,18,18,0,0,0,1,1,0,2,3,0,-52.752,16,2,12.95,12.95,LEGIT
VUHZRNB.COM,",O",634,14,14,0,0,1,1,1,0,1,2,0,-7.816,6,1,10.36,10.36,LEGIT
VUHZRNB.COM,",O",634,14,14,0,0,0,1,1,0,1,2,1,24.072,22,0,38.85,38.85,LEGIT
XOSOP.COM,",O",634,19,19,0,0,1,1,0,0,1,3,1,48.832,19,4,59.4,59.4,LEGIT
TMA.COM,",O",634,15,16,0,0,0,0,0,0,2,3,0,-13.496,6,0,38.85,38.85,LEGIT
XZXDQOGHY.NET,",O",634,10,10,0,0,1,0,1,0,2,3,1,11.608,27,4,12.95,12.95,LEGIT
HPQF.COM,",O",634,14,14,0,0,1,0,1,0,1,3,1,44.6,7,4,49.95,49.95,LEGIT
BRZWCURTY.NET,",O",634,20,20,0,0,0,1,1,0,1,3,0,-5.896,29,0,38.85,38.85,LEGIT
VUHZRNB.COM,",O",634,10,10,0,0,1,1,1,0,1,3,1,26.728,6,0,31.08,31.08,LEGIT
TMA.COM,",O",634,13,13,0,0,0,0,0,0,1,3,1,50.752,15,2,12.95,12.95,LEGIT
XZXDQOGHY.NET,",O",634,8,8,0,0,0,0,1,0,1,4,1,-40.088,7,6,12.95,12.95,LEGIT
UGGLH.COM,",O",634,14,14,0,0,1,1,0,0,2,3,1,36.672,6,2,20.72,20.72,LEGIT
TMA.COM,",O",634,15,15,0,0,0,1,1,0,1,3,1,-39.608,18,1,12.95,12.95,LEGIT
XOSOP.COM,",O",634,10,10,0,0,0,0,0,0,1,0,1,33.912,26,0,38.85,38.85,LEGIT
XOSOP.COM,",O",634,16,16,0,0,1,1,1,0,1,3,0,15.176,6,0,12.95,12.95,LEGIT
NVRYGFIBJ.COM,",O",634,20,20,0,0,0,1,1,0,1,0,0,23.912,27,0,38.85,38.85,LEGIT
XOSOP.COM,",O",634,11,11,0,0,1,0,0,0,1,2,0,-59.784,10,0,25.9,25.9,LEGIT
IQ.RR.COM,",O",634,14,14,0,0,1,1,1,0,1,3,0,11.32,10,0,10.36,10.36,LEGIT
YXAWJOOJ.COM,",O",634,13,13,0,0,0,0,0,0,1,3,0,-39.488,22,0,12.95,12.95,LEGIT
TMA.COM,",O",634,15,15,0,0,1,0,0,0,2,2,1,-23.088,7,1,12.95,12.95,LEGIT
XOSOP.COM,",O",634,15,15,0,0,1,1,1,0,1,3,1,-10.376,8,2,11.01,11.01,LEGIT
NAHPRXE.COM,",O",634,6,6,0,0,1,1,1,0,2,2,1,-96.48,24,0,20.72,20.72,LEGIT
VUHZRNB.COM,",O",634,19,19,0,0,0,1,1,0,1,3,1,34.32,23,1,12.95,12.95,LEGIT
XOSOP.COM,",O",634,22,22,0,0,1,0,0,0,1,3,1,24.632,8,3,12.95,12.95,LEGIT
TGRXNMB.NET,",O",634,21,21,0,0,1,1,0,1,2,3,0,-17.96,9,0,33.67,33.67,LEGIT
TMA.COM,",O",634,13,13,0,0,1,1,1,0,1,3,0,-18.144,15,2,38.85,38.85,LEGIT
BRZWCURTY.NET,",O",634,23,23,0,0,1,1,1,0,2,3,0,17.024,9,9,12.95,12.95,LEGIT
CZYALBZMPSBIYEE.COM,",O",634,18,18,0,0,0,1,1,0,1,0,0,1.568,9,4,12.95,12.95,LEGIT
VUHZRNB.COM,",O",634,16,16,0,0,1,0,0,0,1,2,0,-24.056,19,6,12.95,12.95,LEGIT
TMA.COM,",O",634,22,22,0,0,0,1,1,0,1,2,0,-15.296,14,0,38.85,38.85,LEGIT
VUHZRNB.COM,",O",634,9,9,0,0,0,0,0,0,1,1,1,38.568,20,1,12.95,12.95,LEGIT
TGRXNMB.NET,",O",634,19,19,0,0,1,0,1,0,1,3,0,-30.224,7,0,25.9,25.9,LEGIT
TMA.COM,",O",634,10,10,0,0,0,1,0,0,1,3,0,-2.96,17,0,12.95,12.95,LEGIT
NVRYGFIBJ.COM,",O",634,18,18,0,0,0,0,0,0,1,2,0,14.288,21,0,38.85,38.85,LEGIT
XOSOP.COM,",O",634,9,9,0,0,1,1,0,0,1,2,1,28.816,8,0,12.95,12.95,LEGIT
MFYHMXKYI.COM,",O",634,10,10,0,0,1,0,0,0,1,3,0,-19.992,9,9,38.85,38.85,LEGIT
HRLNNWNGXKKT.COM,",O",634,20,20,0,0,0,0,1,0,1,2,0,0.848,10,0,12.95,12.95,LEGIT
XOSOP.COM,",O",634,13,13,0,0,1,0,0,0,1,2,0,-59.784,10,0,49.95,49.95,LEGIT
XOSOP.COM,",O",634,20,20,0,0,1,0,0,0,1,2,1,30.032,7,0,12.95,12.95,LEGIT
TMA.COM,",O",634,15,15,0,0,0,1,1,0,2,3,0,15.528,7,1,38.85,38.85,LEGIT
DVCTACYMCS.COM,",O",634,8,8,0,0,0,0,0,0,1,0,1,18.208,26,0,49.95,49.95,LEGIT
XOSOP.COM,",O",634,14,14,0,0,0,0,0,0,1,3,0,20.984,7,4,10.36,10.36,LEGIT
TGRXNMB.NET,",O",634,18,18,0,0,0,0,0,0,1,3,0,37.488,11,0,12.95,12.95,LEGIT
UGGLH.COM,",O",634,9,9,0,0,0,1,1,0,1,3,1,-112.32,22,0,12.95,12.95,LEGIT
TMA.COM,",O",634,1,1,0,0,0,1,1,0,4,3,1,-23.304,8,2,38.85,38.85,LEGIT
XOSOP.COM,",O",634,16,16,1,0,0,1,0,0,1,3,0,41.744,19,2,38.85,38.85,LEGIT
XOSOP.COM,",O",634,1,1,0,0,1,0,1,0,7,4,1,-2.736,6,0,38.85,38.85,LEGIT
IQ.RR.COM,",O",634,13,13,0,0,1,0,1,0,1,3,0,-52.248,9,9,12.95,12.95,LEGIT
XOSOP.COM,",O",634,7,7,1,0,1,1,1,0,1,2,1,29.248,7,0,12.95,12.95,LEGIT
TMA.COM,",O",634,19,19,0,0,1,1,1,0,3,4,0,-43.112,10,3,12.95,12.95,LEGIT
TMA.COM,",O",634,22,22,0,0,1,1,0,0,1,3,0,-25.464,8,8,12.95,12.95,LEGIT
BRZWCURTY.NET,",O",634,20,20,0,0,1,1,1,0,2,3,0,17.024,9,9,12.95,12.95,LEGIT
GZSZB.ORG,",O",634,15,15,0,0,0,0,0,0,1,3,1,15.184,26,0,12.95,12.95,LEGIT
IQ.RR.COM,",O",634,13,13,0,0,0,0,0,0,2,3,0,21.544,20,0,38.85,38.85,LEGIT
XOSOP.COM,",O",634,13,13,0,0,1,1,1,0,2,3,0,10.52,19,2,25.9,25.9,LEGIT
VUHZRNB.COM,",O",634,22,22,0,0,0,1,1,0,2,3,1,30.848,7,2,49.95,49.95,LEGIT
XOSOP.COM,",O",634,23,23,0,0,1,0,0,0,1,3,1,24.632,8,3,12.95,12.95,LEGIT
TMA.COM,",O",634,6,6,0,0,0,0,1,0,1,4,1,-34.776,6,1,38.85,38.85,LEGIT
IQ.RR.COM,",O",634,10,10,0,0,1,0,1,0,1,0,1,2.928,7,1,10.36,10.36,LEGIT
BRZWCURTY.NET,",O",634,21,21,0,0,1,0,0,0,2,3,1,26.256,11,0,38.85,38.85,LEGIT
XOSOP.COM,",O",634,22,22,0,0,0,1,1,0,1,2,1,29.944,8,2,49.95,49.95,LEGIT
TMA.COM,",O",634,22,22,0,0,0,0,0,0,1,2,0,-4.072,15,0,12.95,12.95,LEGIT
VUHZRNB.COM,",O",634,11,11,1,0,1,0,1,0,2,1,1,26.176,6,3,31.08,31.08,LEGIT
XOSOP.COM,",O",634,2,2,1,0,1,1,1,0,1,2,1,29.248,7,0,38.85,38.85,LEGIT
XOSOP.COM,",O",634,14,14,1,0,1,1,1,0,1,2,1,29.248,7,0,38.85,38.85,LEGIT
VUHZRNB.COM,",O",634,14,14,0,0,1,1,1,0,2,3,1,54.704,9,9,12.95,12.95,LEGIT
TGRXNMB.NET,",O",634,15,15,0,0,0,0,0,0,2,3,0,-51.248,9,2,38.85,38.85,LEGIT
XOSOP.COM,",O",634,22,22,0,0,0,1,0,0,2,3,1,17.552,25,0,49.95,49.95,LEGIT
TGRXNMB.NET,",O",634,14,14,0,0,0,1,1,0,1,2,1,1.256,22,1,38.85,38.85,LEGIT
XZXDQOGHY.NET,",O",634,17,17,0,0,1,0,1,0,1,3,1,39.176,27,4,59.4,59.4,LEGIT
TMA.COM,",O",634,12,12,0,0,1,0,0,0,1,3,0,33.12,17,0,20.72,20.72,LEGIT
ZUB.NET,",O",634,12,12,0,0,0,1,0,0,1,3,0,2.848,25,0,12.95,12.95,LEGIT
ACYTF.COM,",O",634,14,14,0,0,1,0,1,0,1,3,0,49.144,6,1,10.36,10.36,LEGIT
QOQICEMASZRBUQGKM.COM,",O",634,14,14,0,0,1,0,0,0,1,2,0,24.36,9,9,38.85,38.85,LEGIT
XOSOP.COM,",O",634,9,9,0,0,1,1,0,0,1,3,0,23.336,10,2,10.36,10.36,LEGIT
XOSOP.COM,",O",634,22,22,0,0,0,1,0,0,1,2,0,-16.488,19,3,49.95,49.95,LEGIT
BRZWCURTY.NET,",O",634,21,21,0,0,0,1,1,0,1,1,1,32.912,7,0,38.85,38.85,LEGIT
TMA.COM,",O",634,11,11,0,0,1,0,0,0,1,0,0,-51.72,7,0,12.95,12.95,LEGIT
XOSOP.COM,",O",634,17,17,0,0,0,0,1,0,1,3,1,54.256,7,0,12.95,12.95,LEGIT
XOSOP.COM,",O",634,15,16,0,0,0,0,0,0,1,3,0,13.64,23,6,38.85,38.85,LEGIT
XOSOP.COM,",O",634,11,11,0,0,1,1,0,0,2,0,1,49.68,10,0,10.36,10.36,LEGIT
PYMUPOKRTV.COM,",O",634,16,16,0,0,0,1,1,0,1,2,1,53.776,21,0,25.9,25.9,LEGIT
XOSOP.COM,",O",634,16,16,0,0,1,0,1,0,2,3,0,22.312,12,0,38.85,38.85,LEGIT
XOSOP.COM,",O",634,14,14,0,0,1,1,0,0,1,3,0,-30.184,6,0,38.85,38.85,LEGIT
MZUBYGGN.COM,",O",634,9,9,0,0,1,0,0,0,1,3,0,30.568,8,0,12.95,12.95,LEGIT
VUHZRNB.COM,",O",634,13,13,0,0,0,1,1,0,1,3,1,53.704,10,2,10.36,10.36,LEGIT
IQ.RR.COM,",O",634,21,21,0,0,0,1,0,0,1,3,0,5.336,11,3,38.85,38.85,LEGIT
ZJFIWMHQHB.COM,",O",634,10,10,0,0,0,0,0,0,1,2,0,48.064,18,0,38.85,38.85,LEGIT
PZRAPXBJ.COM,",O",634,12,12,0,0,0,0,0,0,1,3,0,3.576,16,0,31.08,31.08,LEGIT
EPPEH.COM,",O",634,11,11,0,0,1,1,0,1,1,4,0,3.416,7,1,38.85,38.85,LEGIT
VUHZRNB.COM,",O",634,10,10,0,0,1,1,1,0,1,2,1,-6.952,10,4,12.95,12.95,LEGIT
VUHZRNB.COM,",O",634,16,16,1,0,1,0,0,0,1,2,0,33.024,8,0,49.95,49.95,LEGIT
VKQQROPTO.NET,",O",634,11,11,0,0,0,0,0,0,2,0,1,-10.24,6,0,31.08,31.08,LEGIT
TMA.COM,",O",634,17,17,0,0,0,1,0,0,2,2,0,-66.576,9,3,38.85,38.85,LEGIT
TMA.COM,",O",634,0,0,0,0,0,1,1,0,2,3,0,-121.536,11,2,38.85,38.85,LEGIT
XCJBKK.NET,",O",634,14,14,0,0,0,1,0,0,1,1,0,-4.272,15,0,38.85,38.85,LEGIT
MFYHMXKYI.COM,",O",634,13,13,0,0,1,0,0,0,1,3,0,-19.992,9,9,31.08,31.08,LEGIT
BRZWCURTY.NET,",O",634,15,15,0,0,0,0,0,0,2,3,1,-17.304,21,0,12.95,12.95,LEGIT
YXAWJOOJ.COM,",O",634,7,7,0,0,1,0,0,0,4,2,0,23.072,6,0,12.95,12.95,LEGIT
BRZWCURTY.NET,",O",634,21,21,0,0,1,1,1,0,1,2,0,-23.264,6,2,38.85,38.85,LEGIT
TMA.COM,",O",634,20,20,0,0,1,1,1,0,1,2,1,36.28,7,2,38.85,38.85,LEGIT
TCN.COM,",O",634,13,13,0,0,1,1,0,0,1,3,1,-53.456,10,10,12.95,12.95,LEGIT
HDYMYKS.COM,",O",634,12,12,0,0,1,1,1,0,1,0,1,-23.0,8,3,33.67,33.67,LEGIT
DLRXGNMRMQ.COM,",O",634,19,19,0,0,1,0,0,0,1,2,0,42.736,9,0,12.95,12.95,LEGIT
TMA.COM,",O",634,16,16,0,0,1,1,1,0,3,3,0,35.712,7,0,38.85,38.85,LEGIT
XZXDQOGHY.NET,",O",634,13,13,0,0,1,0,1,0,2,3,1,11.608,27,4,12.95,12.95,LEGIT
BRZWCURTY.NET,",O",634,19,19,0,0,0,1,1,0,1,2,1,22.4,20,0,12.95,12.95,LEGIT
VUHZRNB.COM,",O",634,21,21,0,0,0,0,0,0,1,2,0,45.928,9,3,38.85,38.85,LEGIT
TMA.COM,",O",634,22,22,0,0,1,0,0,0,1,2,1,20.208,11,4,38.85,38.85,LEGIT
URYZHBNNSRYM.COM,",O",634,15,15,0,0,0,0,0,0,3,0,1,42.352,7,0,25.9,25.9,LEGIT
VUHZRNB.COM,",O",634,8,8,1,0,0,1,0,0,1,3,1,25.504,20,0,38.85,38.85,LEGIT
BRZWCURTY.NET,",O",634,21,21,0,0,1,0,0,0,2,3,0,22.136,9,0,38.85,38.85,LEGIT
VUHZRNB.COM,",O",634,9,9,0,0,1,1,0,0,2,3,1,3.96,8,1,38.85,38.85,LEGIT
XOSOP.COM,",O",634,9,9,0,0,1,1,1,0,2,3,0,52.904,10,2,12.95,12.95,LEGIT
TMA.COM,",O",634,17,17,0,0,1,1,0,0,1,1,0,-10.608,8,4,25.9,25.9,LEGIT
BRZWCURTY.NET,",O",634,12,12,0,0,1,1,1,0,1,2,1,-9.0,19,0,12.95,12.95,FRAUD
TMA.COM,",O",634,13,13,0,0,1,0,0,0,2,0,1,36.888,15,4,12.95,12.95,LEGIT
DYPMZY.COM,",O",634,7,7,0,0,1,1,1,0,1,3,1,16.056,24,0,25.9,25.9,LEGIT
NAHPRXE.COM,",O",634,14,14,0,0,0,1,1,0,2,3,1,-96.48,24,0,31.08,31.08,LEGIT
VKQQROPTO.NET,",O",634,16,16,0,0,1,1,0,0,2,3,0,21.096,6,0,31.08,31.08,LEGIT
BRZWCURTY.NET,",O",634,22,22,0,0,1,1,1,0,2,3,1,15.2,8,1,12.95,12.95,LEGIT
XOSOP.COM,",O",634,8,8,0,0,1,0,0,0,1,1,0,32.912,9,0,12.95,12.95,LEGIT
TMA.COM,",O",634,19,19,0,1,1,1,0,0,1,1,1,16.168,10,0,12.95,12.95,LEGIT
BRZWCURTY.NET,",O",634,12,12,0,0,0,1,0,0,1,3,0,-36.752,21,0,59.4,59.4,LEGIT
XOSOP.COM,",O",634,9,9,0,0,1,0,1,0,7,3,1,-2.736,6,0,12.95,12.95,LEGIT
UGGLH.COM,",O",634,0,0,0,0,1,0,0,0,2,3,0,15.416,11,0,20.72,20.72,LEGIT
UGGLH.COM,",O",634,17,17,0,0,1,1,0,0,2,3,1,36.672,6,2,10.36,10.36,LEGIT
TMA.COM,",O",634,14,14,0,0,0,0,0,0,1,4,1,33.352,13,1,0.0,0.0,LEGIT
NT.ARMY.MIL,",O",634,14,14,0,0,1,0,0,1,1,3,0,-2.12,9,9,38.85,38.85,LEGIT
XOSOP.COM,",O",634,20,20,0,0,1,0,0,0,1,2,0,-33.768,9,1,38.85,38.85,LEGIT
TMA.COM,",O",634,4,4,0,0,0,0,0,0,1,3,1,-51.336,17,2,12.95,12.95,LEGIT
XOSOP.COM,",O",634,17,17,0,0,1,0,0,0,1,3,1,34.512,10,0,38.85,38.85,LEGIT
XOSOP.COM,",O",634,15,15,0,0,1,0,0,0,1,2,0,-59.784,10,0,12.95,12.95,LEGIT
XOSOP.COM,",O",634,19,19,0,0,0,0,0,0,1,3,0,-51.688,19,0,38.85,38.85,LEGIT
XOSOP.COM,",O",634,12,12,0,0,1,0,0,0,1,3,1,-10.76,9,9,10.36,10.36,LEGIT
XOSOP.COM,",O",634,10,10,0,0,0,0,0,0,1,3,1,-24.144,23,0,59.4,59.4,LEGIT
JRMABNO.COM,",O",634,14,14,0,0,0,0,1,0,1,3,0,15.264,14,0,38.85,38.85,LEGIT
XOSOP.COM,",O",634,12,12,1,0,0,0,0,0,1,3,1,54.096,9,1,11.01,11.01,LEGIT
BRZWCURTY.NET,",O",634,8,8,0,0,0,0,1,0,2,2,1,44.592,11,1,12.95,12.95,LEGIT
XOSOP.COM,",O",634,18,18,1,0,1,1,0,0,1,3,0,-8.128,10,5,33.03,33.03,LEGIT
RONTU.NET,",O",634,10,10,0,0,0,0,0,0,1,2,1,-50.68,15,0,12.95,12.95,LEGIT
WTGI.ORG,",O",634,12,12,0,0,1,1,0,0,1,3,1,-9.24,7,4,59.4,59.4,LEGIT
TMA.COM,",O",634,21,21,0,0,1,0,0,0,2,2,1,-23.088,7,1,11.01,11.01,LEGIT
UGGLH.COM,",O",634,19,19,0,0,0,0,0,0,1,3,1,-7.512,8,0,49.95,49.95,LEGIT
ACYTF.COM,",O",634,16,16,1,0,1,1,1,0,1,3,0,58.784,21,2,59.4,59.4,LEGIT
WXTRJLAMDPDYVVTUEC.COM,",O",634,0,0,0,0,0,1,1,0,1,3,1,9.32,28,0,12.95,12.95,LEGIT
BRZWCURTY.NET,",O",634,18,18,0,0,1,0,0,0,1,1,0,-40.112,8,0,12.95,12.95,LEGIT
TMA.COM,",O",634,11,11,0,0,0,1,0,0,1,3,1,26.792,16,4,38.85,38.85,LEGIT
XOSOP.COM,",O",634,8,8,0,0,1,1,1,0,2,3,0,52.904,10,2,12.95,12.95,LEGIT
BRZWCURTY.NET,",O",634,20,20,0,0,0,0,0,0,1,3,0,35.584,24,4,38.85,38.85,LEGIT
BRZWCURTY.NET,",O",634,22,22,0,0,1,1,1,0,2,3,1,15.2,8,1,12.95,12.95,LEGIT
VUHZRNB.COM,",O",634,11,11,0,0,0,0,0,0,1,3,0,-5.408,19,4,38.85,38.85,LEGIT
TGRXNMB.NET,",O",634,14,14,0,0,1,1,1,0,2,3,1,-20.04,19,1,38.85,38.85,LEGIT
NT.ARMY.MIL,",O",634,22,22,0,0,1,1,1,0,1,3,0,30.688,9,9,12.95,12.95,LEGIT
TMA.COM,",O",634,11,11,0,0,0,1,1,0,1,3,1,-5.752,14,3,38.85,38.85,LEGIT
VUHZRNB.COM,",O",634,16,16,0,0,0,1,0,0,1,3,0,13.08,22,2,38.85,38.85,LEGIT
BDZCXNENERM.NET,",O",634,21,21,0,0,1,1,0,0,1,2,0,45.848,8,0,31.08,31.08,LEGIT
AMKVQCRHOA.COM,",O",634,8,8,0,0,1,1,0,0,1,2,0,6.232,8,0,10.36,10.36,LEGIT
XOSOP.COM,",O",634,11,11,0,0,0,1,0,0,1,2,0,47.376,18,2,49.95,49.95,LEGIT
XOSOP.COM,",O",634,12,12,1,0,1,0,1,0,1,3,1,50.912,25,5,25.9,25.9,LEGIT
GYIU.COM,",O",634,7,7,0,0,0,1,1,0,1,3,1,-14.576,9,0,38.85,38.85,LEGIT
XOSOP.COM,",O",634,6,6,0,0,1,0,1,0,7,3,1,-2.736,6,0,12.95,12.95,LEGIT
QDJV.EDU,",O",634,21,21,0,0,0,1,0,0,1,2,1,20.048,13,0,38.85,38.85,LEGIT
IQ.RR.COM,",O",634,20,20,0,0,0,0,0,0,1,2,1,14.688,16,1,12.95,12.95,LEGIT
VUHZRNB.COM,",O",634,4,4,0,0,1,1,1,0,1,2,0,-7.816,6,1,31.08,31.08,LEGIT
HPQF.COM,",O",634,1,1,0,0,0,1,1,0,1,3,1,48.784,20,1,38.85,38.85,LEGIT
VUHZRNB.COM,",O",634,15,15,0,0,1,1,0,0,1,2,0,27.368,8,0,25.9,25.9,LEGIT
XZXDQOGHY.NET,",O",634,8,8,0,0,0,0,1,0,1,4,1,-40.088,7,6,12.95,12.95,LEGIT
XZXDQOGHY.NET,",O",634,13,13,0,0,0,1,0,0,3,0,1,11.656,7,0,38.85,38.85,LEGIT
XOSOP.COM,",O",634,3,3,1,0,1,1,1,0,1,2,1,29.248,7,0,25.9,25.9,LEGIT
MCFWTPDRUGNT.COM,",O",634,12,12,0,0,0,1,1,0,1,3,0,27.584,26,0,38.85,38.85,LEGIT
VUHZRNB.COM,",O",634,11,11,0,0,1,0,0,0,1,2,0,7.272,9,9,12.95,12.95,LEGIT
XOSOP.COM,",O",634,15,15,0,0,1,0,1,0,7,2,1,-2.736,6,0,12.95,12.95,LEGIT
HAFWRCXBNIFTUS.COM,",O",634,13,13,0,0,1,1,1,0,3,3,1,8.416,9,9,12.95,12.95,LEGIT
XOSOP.COM,",O",634,16,16,0,0,1,1,1,0,2,3,1,52.648,20,2,12.95,12.95,LEGIT
VUHZRNB.COM,",O",634,22,22,0,0,0,0,0,0,1,3,1,11.712,24,0,12.95,12.95,LEGIT
BRZWCURTY.NET,",O",634,18,18,0,0,1,0,0,0,1,1,0,-40.112,8,0,12.95,12.95,LEGIT
TMA.COM,",O",634,16,16,0,0,1,1,1,0,1,3,0,-18.144,15,2,11.01,11.01,LEGIT
EQNSW.ORG,",O",634,9,9,0,0,0,0,0,0,1,2,0,-66.072,20,0,12.95,12.95,LEGIT
XOSOP.COM,",O",634,22,22,0,0,1,1,1,0,1,2,0,-0.184,9,9,12.95,12.95,LEGIT
BRZWCURTY.NET,",O",634,17,17,0,0,0,0,1,0,1,2,1,-28.312,21,0,38.85,38.85,LEGIT
BRZWCURTY.NET,",O",634,10,10,1,0,1,0,1,0,1,3,0,17.416,9,2,10.36,10.36,LEGIT
CHVDDHC.SBC,",O",634,11,11,0,0,0,1,1,0,1,4,1,20.128,7,0,38.85,38.85,LEGIT
BRZWCURTY.NET,",O",634,18,18,0,0,0,0,0,0,1,3,1,9.616,25,3,38.85,38.85,LEGIT
XOSOP.COM,",O",634,16,16,0,0,0,1,0,0,1,3,0,41.352,11,3,31.08,31.08,LEGIT
TMA.COM,",O",634,23,23,0,0,1,1,0,0,2,3,1,-16.752,9,4,38.85,38.85,LEGIT
TGRXNMB.NET,",O",634,12,12,0,0,0,1,0,0,1,3,1,-15.392,16,0,49.95,49.95,LEGIT
VUHZRNB.COM,",O",634,18,18,0,0,0,1,1,0,2,3,0,35.16,19,0,38.85,38.85,LEGIT
TMA.COM,",O",634,12,12,0,0,1,1,1,0,1,3,0,-23.272,17,4,38.85,38.85,LEGIT
XZXDQOGHY.NET,",O",634,21,21,0,0,0,0,0,0,1,3,1,-3.368,25,4,38.85,38.85,LEGIT
TMA.COM,",O",634,19,18,0,0,1,0,1,0,2,3,1,1.552,8,0,12.95,12.95,LEGIT
XOSOP.COM,",O",634,16,16,0,0,1,1,1,0,2,3,1,52.648,20,2,12.95,12.95,LEGIT
GYLMNHQ.NET,",O",634,9,9,0,0,0,1,1,0,1,0,0,-38.72,20,3,49.95,49.95,LEGIT
TMA.COM,",O",634,17,17,0,0,0,1,1,0,2,1,0,37.832,9,4,38.85,38.85,LEGIT
XOSOP.COM,",O",634,4,4,0,0,1,0,1,0,7,4,1,-2.736,6,0,12.95,12.95,LEGIT
XOSOP.COM,",O",634,20,20,0,0,1,1,1,0,2,3,0,52.904,10,2,12.95,12.95,LEGIT
XOSOP.COM,",O",634,11,11,0,0,1,1,0,0,2,0,1,49.68,10,0,31.08,31.08,LEGIT
OBZCDHU.NET,",O",634,14,14,0,0,0,1,0,0,1,3,1,-12.824,19,0,38.85,38.85,LEGIT
SNREAXNXDIVFT.COM,",O",634,11,11,0,0,0,0,0,0,1,3,0,31.288,25,0,12.95,12.95,LEGIT
XOSOP.COM,",O",634,14,14,0,0,1,0,0,0,1,3,1,21.048,12,0,12.95,12.95,LEGIT
NQZUXBJ.COM,",O",634,22,22,0,0,0,0,0,0,1,3,0,-117.88,20,2,49.95,49.95,LEGIT
XOSOP.COM,",O",634,0,0,0,0,1,0,1,0,7,4,1,-2.736,6,0,12.95,12.95,LEGIT
VUHZRNB.COM,",O",634,17,17,0,0,0,1,1,0,1,3,1,49.608,10,0,12.95,12.95,LEGIT
BRZWCURTY.NET,",O",634,12,12,0,0,0,1,1,0,1,1,1,3.6,23,0,12.95,12.95,LEGIT
VUHZRNB.COM,",O",634,10,10,1,0,1,0,0,0,1,3,1,41.536,19,1,12.95,12.95,LEGIT
SMYLGCLOHOYRXR.COM,",O",634,16,16,0,0,1,1,0,0,1,3,0,31.856,13,0,25.9,25.9,LEGIT
XOSOP.COM,",O",634,17,17,0,0,0,1,0,0,1,3,0,17.592,17,0,44.85,44.85,LEGIT
XOSOP.COM,",O",634,13,13,0,0,0,1,0,0,1,2,0,43.48,18,0,11.65,11.65,LEGIT
XOSOP.COM,",O",634,9,9,0,0,1,1,1,0,2,3,0,52.904,10,2,12.95,12.95,LEGIT
XOSOP.COM,",O",634,10,10,0,0,0,0,0,0,1,1,1,36.064,8,1,31.08,31.08,LEGIT
XOSOP.COM,",O",634,17,17,0,0,0,1,0,0,2,3,1,-5.312,10,0,49.95,49.95,LEGIT
XAMKVA.COM,",O",634,11,11,0,0,1,1,1,0,2,2,1,-4.416,10,2,38.85,38.85,LEGIT
XOSOP.COM,",O",634,16,16,0,0,1,1,1,0,1,2,0,-32.024,9,9,38.85,38.85,LEGIT
TMA.COM,",O",634,10,10,0,0,0,0,0,0,1,3,1,4.144,22,0,12.95,12.95,LEGIT
KGAMJIMDX.EDU,",O",634,10,10,0,0,0,0,0,0,1,3,1,34.472,20,0,12.95,12.95,LEGIT
UGGLH.COM,",O",634,18,18,0,0,1,0,0,0,2,3,0,15.416,11,0,31.08,31.08,LEGIT
FETTVKDXRVXUHGXR.COM,",O",634,15,15,0,0,0,0,0,0,1,2,0,28.736,7,0,38.85,38.85,LEGIT
BRZWCURTY.NET,",O",634,13,13,0,0,0,1,0,0,1,3,1,-22.032,25,4,59.4,59.4,LEGIT
XOSOP.COM,",O",634,10,10,0,0,1,0,0,0,1,3,0,-24.872,6,4,12.95,12.95,LEGIT
TMA.COM,",O",634,11,11,0,0,0,1,1,0,1,2,1,38.976,22,2,38.85,38.85,LEGIT
VUHZRNB.COM,",O",634,10,10,0,0,1,0,0,0,1,3,0,42.032,13,0,12.95,12.95,LEGIT
BRZWCURTY.NET,",O",634,18,18,0,0,1,1,0,0,1,3,0,14.088,23,0,12.95,12.95,LEGIT
XZXDQOGHY.NET,",O",634,13,13,0,0,1,0,1,0,2,2,1,11.608,27,4,24.95,24.95,LEGIT
TMA.COM,",O",634,23,23,0,0,1,0,0,0,1,3,1,12.568,12,0,12.95,12.95,LEGIT
TMA.COM,",O",634,13,13,0,0,1,0,0,0,1,2,0,-25.696,6,0,38.85,38.85,LEGIT
FTHXNCTFNBA.COM,",O",634,11,11,0,0,1,0,0,0,1,2,0,-4.576,7,4,38.85,38.85,LEGIT
VUHZRNB.COM,",O",634,10,10,0,0,1,0,0,0,1,3,0,26.768,8,0,38.85,38.85,LEGIT
TCN.COM,",O",634,7,7,0,0,0,0,1,0,1,2,1,11.944,21,0,12.95,12.95,LEGIT
TMA.COM,",O",634,18,18,0,0,0,1,0,0,1,3,1,37.928,18,1,12.95,12.95,LEGIT
TOPOFHRTYUKCRRPAKYEE.NET,",O",634,14,14,0,0,0,1,1,0,1,3,0,-52.712,29,0,38.85,38.85,LEGIT
TCN.COM,",O",634,8,8,0,0,1,0,0,0,1,3,0,-21.304,9,9,49.95,49.95,LEGIT
TMA.COM,",O",634,19,19,0,0,0,0,0,0,1,3,0,-53.352,18,0,38.85,38.85,LEGIT
XOSOP.COM,",O",634,16,16,0,0,0,0,0,0,1,3,0,36.552,16,0,49.95,49.95,LEGIT
XOSOP.COM,",O",634,14,13,0,0,0,0,0,0,1,3,0,20.984,7,4,10.36,10.36,LEGIT
TGRXNMB.NET,",O",634,13,13,0,0,0,0,0,0,1,3,1,19.304,20,2,38.85,38.85,LEGIT
XOSOP.COM,",O",634,4,4,0,0,1,0,1,0,7,4,1,-2.736,6,0,12.95,12.95,LEGIT
TGRXNMB.NET,",O",634,18,18,0,0,0,0,0,0,1,3,0,37.488,11,0,12.95,12.95,LEGIT
TGRXNMB.NET,",O",634,16,16,0,0,0,1,0,0,1,3,1,11.32,10,0,38.85,38.85,LEGIT
TGRXNMB.NET,",O",634,0,0,0,0,1,1,0,0,1,2,0,5.264,10,6,38.85,38.85,LEGIT
BRZWCURTY.NET,",O",634,13,13,0,0,0,1,1,0,1,2,0,-14.032,18,0,38.85,38.85,LEGIT
XZXDQOGHY.NET,",O",634,8,8,0,0,1,1,1,1,2,1,0,2.12,18,0,25.9,25.9,LEGIT
XZXDQOGHY.NET,",O",634,10,10,0,0,1,1,1,1,2,1,0,2.12,18,0,10.36,10.36,LEGIT
TMA.COM,",O",634,17,17,0,0,1,0,0,0,2,3,0,-12.136,10,0,12.95,12.95,FRAUD
NEKSXUK.NET,",O",634,15,15,0,0,0,0,0,0,1,3,1,57.72,9,0,12.95,12.95,LEGIT
TCN.COM,",O",634,11,11,0,0,1,1,0,0,1,4,1,-53.456,10,10,71.96,71.96,LEGIT
TCN.COM,",O",634,22,22,0,0,0,1,1,0,1,3,1,2.608,16,4,31.08,31.08,LEGIT
VUHZRNB.COM,",O",634,6,6,0,0,0,0,0,0,1,3,0,37.568,11,0,12.95,12.95,LEGIT
NAHPRXE.COM,",O",634,18,18,0,0,1,1,1,0,2,2,1,-96.48,24,0,31.08,31.08,LEGIT
XOSOP.COM,",O",634,10,10,0,0,1,1,1,0,2,3,0,10.52,19,2,25.9,25.9,LEGIT
XOSOP.COM,",O",634,1,1,0,0,0,0,0,0,1,1,1,1.728,22,2,11.01,11.01,LEGIT
XZXDQOGHY.NET,",O",634,23,23,0,0,0,0,0,0,1,3,0,15.088,7,0,38.85,38.85,LEGIT
SGQAX.COM,",O",634,18,18,0,0,0,1,0,0,2,2,1,35.344,7,0,38.85,38.85,LEGIT
YVUNAX.NET,",O",634,19,19,0,0,1,0,0,0,2,2,0,14.024,6,2,12.95,12.95,LEGIT
BRZWCURTY.NET,",O",634,19,20,0,0,0,1,0,0,1,3,1,9.312,20,3,31.08,31.08,LEGIT
